%no%,%info%,%filename%,%conceal%,%thumbnail%,%type%
1000000,SA00A :千恵/駄菓子屋店内/昼 :差分A :ちーちゃんがチョコバット食べる : チョコバットに視線。,ev/SA00Aa.png,cc/SA00Aa.png,tn/SA00Aa.png,S
1000010,　　　 :差分B :舐めるの一時中断 : にっこり,ev/SA00Ab.png,cc/SA00Ab.png,tn/SA00Ab.png,S
1000020,　　　 :差分C :チョコバット咥える : にっこり,ev/SA00Ac.png,cc/SA00Ac.png,tn/SA00Ac.png,S
1100000,SB00A :千恵/駄菓子屋脱衣所/昼 :差分A :ちーちゃんとお風呂（脱衣所）。下半身だけ脱いでる : 脱いだ服に目線。たのしそう,ev/SB00Aa.png,cc/SB00Aa.png,tn/SB00Aa.png,S
1100010,　　　 :差分B :下半身だけ脱いでる : 主人公に目線でにっこり,ev/SB00Ab.png,cc/SB00Ab.png,tn/SB00Ab.png,S
1100020,　　　 :差分C :全裸 : 脱いだ服に目線。たのしそう,ev/SB00Ac.png,cc/SB00Ac.png,tn/SB00Ac.png,S
1100030,　　　 :差分D :全裸 : 主人公に目線でにっこり,ev/SB00Ad.png,cc/SB00Ad.png,tn/SB00Ad.png,S
1101000,SB00B :千恵/駄菓子屋お風呂/昼 :差分A :ちーちゃんとお風呂（湯船） : 楽しそう,ev/SB00Ba.png,cc/SB00Ba.png,tn/SB00Ba.png,S
1101010,　　　 :差分B :主人公を見る,ev/SB00Bb.png,cc/SB00Bb.png,tn/SB00Bb.png,S
1101020,　　　 :差分C :不思議そうな顔,ev/SB00Bc.png,cc/SB00Bc.png,tn/SB00Bc.png,S
1101030,　　　 :差分D :おしっこ我慢,ev/SB00Bd.png,cc/SB00Bd.png,tn/SB00Bd.png,S
1110000,SB01A :千恵/河原/昼 :差分A :騎乗位で蘇生処置 : 涙目,ev/SB01Aa.png,cc/SB01Aa.png,tn/SB01Aa.png,S
1110010,　　　 :差分B :主人公勃起 : 驚く,ev/SB01Ab.png,cc/SB01Ab.png,tn/SB01Ab.png,S
1110020,　　　 :差分C :頑張って蘇生処置,ev/SB01Ac.png,cc/SB01Ac.png,tn/SB01Ac.png,S
1120000,SB02A :千恵/駄菓子屋お風呂/昼 :差分A :お風呂でおしっこするちーちゃん。おしっこ前 : 我慢してる,ev/SB02Aa.png,cc/SB02Aa.png,tn/SB02Aa.png,S
1120010,　　　 :差分B :おしっこ開始 : きもちいい,ev/SB02Ab.png,cc/SB02Ab.png,tn/SB02Ab.png,S
1120020,　　　 :差分C :おしっこ終了 : スッキリ,ev/SB02Ac.png,cc/SB02Ac.png,tn/SB02Ac.png,S
1130000,SB03A :千恵/駄菓子屋休憩部屋/昼 :差分A :ちーちゃんに手コキしてもらう。勃起してない : 不思議そう,ev/SB03Aa.png,cc/SB03Aa.png,tn/SB03Aa.png,S
1130010,　　　 :差分B :勃起 : 慌てる,ev/SB03Ab.png,cc/SB03Ab.png,tn/SB03Ab.png,S
1130020,　　　 :差分C :真顔。一生懸命チンポこする,ev/SB03Ac.png,cc/SB03Ac.png,tn/SB03Ac.png,S
1130030,　　　 :差分D :主人公の様子をうかがう。不思議そう,ev/SB03Ad.png,cc/SB03Ad.png,tn/SB03Ad.png,S
1130040,　　　 :差分E :射精 : びっくり,ev/SB03Ae.png,cc/SB03Ae.png,tn/SB03Ae.png,S
1130050,　　　 :差分F :射精後。精液かかる : 困った,ev/SB03Af.png,cc/SB03Af.png,tn/SB03Af.png,S
1140000,SB04A :千恵/駄菓子屋休憩部屋/昼 :差分A :ちーちゃんのオマンコを舐める。まんぐりポーズ : ちょっとびっくり,ev/SB04Aa.png,cc/SB04Aa.png,tn/SB04Aa.png,S
1140010,　　　 :差分B :舐め始める : くすぐったい,ev/SB04Ab.png,cc/SB04Ab.png,tn/SB04Ab.png,S
1140020,　　　 :差分C :敏感なところを舐められてちょっとびっくり,ev/SB04Ac.png,cc/SB04Ac.png,tn/SB04Ac.png,S
1140030,　　　 :差分D :ちょっと感じる。おしっこ出そう,ev/SB04Ad.png,cc/SB04Ad.png,tn/SB04Ad.png,S
1140040,　　　 :差分E :おしっこ出る : ちょっとイッちゃう,ev/SB04Ae.png,cc/SB04Ae.png,tn/SB04Ae.png,S
1150000,SB05A :千恵/駄菓子屋休憩部屋/昼 :差分A :ヨーグルまみれちんぽ : チンポ眺める。楽しそう,ev/SB05Aa.png,cc/SB05Aa.png,tn/SB05Aa.png,S
1150010,　　　 :差分B :チンポ舐め始める,ev/SB05Ab.png,cc/SB05Ab.png,tn/SB05Ab.png,S
1150020,　　　 :差分C :クリームなくなる : 不満げ,ev/SB05Ac.png,cc/SB05Ac.png,tn/SB05Ac.png,S
1150030,　　　 :差分D :ちんぽにヨーグルを塗るちーちゃん : 楽しそう,ev/SB05Ad.png,cc/SB05Ad.png,tn/SB05Ad.png,S
1150040,　　　 :差分E :チンポ咥える : 嬉しそう,ev/SB05Ae.png,cc/SB05Ae.png,tn/SB05Ae.png,S
1150050,　　　 :差分F :口内射精 : 困る,ev/SB05Af.png,cc/SB05Af.png,tn/SB05Af.png,S
1150060,　　　 :差分G0 :口内射精続き。チンポから口を離す。糸引き : にっこり,ev/SB05Ag0.png,cc/SB05Ag0.png,tn/SB05Ag0.png,S
1150061,　　　 :差分G1 :顔射 : にっこり,ev/SB05Ag1.png,cc/SB05Ag1.png,tn/SB05Ag1.png,S
1160000,SB06A :千恵/駄菓子屋休憩部屋/昼 :差分A :ちーちゃんでオナニー : 寝ている,ev/SB06Aa.png,cc/SB06Aa.png,tn/SB06Aa.png,S
1160010,　　　 :差分B :スカートめくる : パンツ見える,ev/SB06Ab.png,cc/SB06Ab.png,tn/SB06Ab.png,S
1160020,　　　 :差分C :上着めくる : パンツ＋おっぱい見える,ev/SB06Ac.png,cc/SB06Ac.png,tn/SB06Ac.png,S
1160030,　　　 :差分D :パンツずらす : まんこ＋おっぱい見える,ev/SB06Ad.png,cc/SB06Ad.png,tn/SB06Ad.png,S
1160050,　　　 :差分F :ちんこ擦りつける : くすぐったそうな寝顔,ev/SB06Af.png,cc/SB06Af.png,tn/SB06Af.png,S
1160060,　　　 :差分G :射精。ぶっかけ,ev/SB06Ag.png,cc/SB06Ag.png,tn/SB06Ag.png,S
1170000,SB07A :千恵/駄菓子屋休憩部屋/昼 :差分A :ちーちゃんとスマタ。一緒に昼寝 : 目はつぶっているがまだ寝ていない,ev/SB07Aa.png,cc/SB07Aa.png,tn/SB07Aa.png,S
1170010,　　　 :差分B :服に手を入れてくすぐる : 大笑い,ev/SB07Ab.png,cc/SB07Ab.png,tn/SB07Ab.png,S
1170020,　　　 :差分C :くすぐり終了 : 話聞いてる,ev/SB07Ac.png,cc/SB07Ac.png,tn/SB07Ac.png,S
1170030,　　　 :差分D :スマタ開始,ev/SB07Ad.png,cc/SB07Ad.png,tn/SB07Ad.png,S
1170040,　　　 :差分E :スマタ中 : 感じてきた,ev/SB07Ae.png,cc/SB07Ae.png,tn/SB07Ae.png,S
1170050,　　　 :差分F :射精,ev/SB07Af.png,cc/SB07Af.png,tn/SB07Af.png,S
1200000,SC00A :千恵/駄菓子屋休憩部屋/昼 :差分A :顔面騎乗足コキ : 嬉しそう,ev/SC00Aa.png,cc/SC00Aa.png,tn/SC00Aa.png,S
1200010,　　　 :差分B :一生懸命足コキ,ev/SC00Ab.png,cc/SC00Ab.png,tn/SC00Ab.png,S
1200020,　　　 :差分C :感じてきた,ev/SC00Ac.png,cc/SC00Ac.png,tn/SC00Ac.png,S
1200030,　　　 :差分D :射精,ev/SC00Ad.png,cc/SC00Ad.png,tn/SC00Ad.png,S
1201000,SC00B :千恵/駄菓子屋休憩部屋/昼 :差分A :正常位セックス。挿入前。 : 不安げ,ev/SC00Ba.png,cc/SC00Ba.png,tn/SC00Ba.png,S
1201010,　　　 :差分B :お腹に女性器の内部を落書き : 不安げ,ev/SC00Bb.png,cc/SC00Bb.png,tn/SC00Bb.png,S
1201020,　　　 :差分C :開脚＋ちんこを図の上に当てる : 不安＋焦り,ev/SC00Bc.png,cc/SC00Bc.png,tn/SC00Bc.png,S
1201030,　　　 :差分D :先っちょだけ挿入 : 不安げ,ev/SC00Bd.png,cc/SC00Bd.png,tn/SC00Bd.png,S
1201040,　　　 :差分E :半分ぐらい挿入。出血 : 痛い＋涙目,ev/SC00Be.png,cc/SC00Be.png,tn/SC00Be.png,S
1201050,　　　 :差分F :主人公動く : 目を閉じて我慢,ev/SC00Bf.png,cc/SC00Bf.png,tn/SC00Bf.png,S
1201060,　　　 :差分G :中出し,ev/SC00Bg.png,cc/SC00Bg.png,tn/SC00Bg.png,S
1201070,　　　 :差分H0 :中出し続き。チンポ抜ける。精液流れ出す,ev/SC00Bh0.png,cc/SC00Bh0.png,tn/SC00Bh0.png,S
1201071,　　　 :差分H1 :外出し。ぶっかけ,ev/SC00Bh1.png,cc/SC00Bh1.png,tn/SC00Bh1.png,S
1210000,SC01A :千恵/駄菓子屋外観/昼 :差分A :リモコンローターをON : スカートをギュッと握って我慢,ev/SC01Aa.png,cc/SC01Aa.png,tn/SC01Aa.png,S
1210010,　　　 :差分B :ローターOFF : 気持ち良くなってきた,ev/SC01Ab.png,cc/SC01Ab.png,tn/SC01Ab.png,S
1210040,　　　 :差分E :おしっこ漏れ始める,ev/SC01Ae.png,cc/SC01Ae.png,tn/SC01Ae.png,S
1210050,　　　 :差分F :盛大におしっこ漏れる : 涙目,ev/SC01Af.png,cc/SC01Af.png,tn/SC01Af.png,S
1211000,SC01B :千恵/駄菓子屋休憩部屋/昼 :差分A :上着たくし上げ。ローター入ってる : 涙目,ev/SC01Ba.png,cc/SC01Ba.png,tn/SC01Ba.png,S
1211010,　　　 :差分B :コード引っぱってローターが少し顔を出す : 目を閉じて我慢,ev/SC01Bb.png,cc/SC01Bb.png,tn/SC01Bb.png,S
1211020,　　　 :差分C :ローター抜ける,ev/SC01Bc.png,cc/SC01Bc.png,tn/SC01Bc.png,S
1211030,　　　 :差分D :ふきふき,ev/SC01Bd.png,cc/SC01Bd.png,tn/SC01Bd.png,S
1211040,　　　 :差分E :挿入 : ちょっと感じる,ev/SC01Be.png,cc/SC01Be.png,tn/SC01Be.png,S
1211050,　　　 :差分F :かなり感じる,ev/SC01Bf.png,cc/SC01Bf.png,tn/SC01Bf.png,S
1211060,　　　 :差分G :イッちゃう,ev/SC01Bg.png,cc/SC01Bg.png,tn/SC01Bg.png,S
1211070,　　　 :差分H :ちんぽ抜ける。精液溢れる : ハァハァ,ev/SC01Bh.png,cc/SC01Bh.png,tn/SC01Bh.png,S
1220000,SC02A :千恵/駄菓子屋休憩部屋/昼 :差分A :お昼寝コマコ＆甜花の横でセックス。騎乗位。挿入済 : 痛くはないけどちょっと苦しい,ev/SC02Aa.png,cc/SC02Aa.png,tn/SC02Aa.png,S
1220010,　　　 :差分B :嬉しい,ev/SC02Ab.png,cc/SC02Ab.png,tn/SC02Ab.png,S
1220020,　　　 :差分C :愛液差分 : 少し気持ちよくなってくる,ev/SC02Ac.png,cc/SC02Ac.png,tn/SC02Ac.png,S
1220030,　　　 :差分D :愛液差分 : 感じている。気持ちいい,ev/SC02Ad.png,cc/SC02Ad.png,tn/SC02Ad.png,S
1220040,　　　 :差分E :中出し : イッてしまう。一生懸命声を我慢する,ev/SC02Ae.png,cc/SC02Ae.png,tn/SC02Ae.png,S
1220050,　　　 :差分F :中出し続き。挿入したまま : ハァハァ,ev/SC02Af.png,cc/SC02Af.png,tn/SC02Af.png,S
1231000,SC03B :千恵/外。道の脇の茂みの中/昼 :差分A :立ちバック。ズボンとパンツズリおろし＋上着まくり上げ。挿入前,ev/SC03Ba.png,cc/SC03Ba.png,tn/SC03Ba.png,S
1231010,　　　 :差分B :愛液出てきた : ちょっと感じてきた,ev/SC03Bb.png,cc/SC03Bb.png,tn/SC03Bb.png,S
1231020,　　　 :差分C :挿入,ev/SC03Bc.png,cc/SC03Bc.png,tn/SC03Bc.png,S
1231030,　　　 :差分D :激しく動く : かなり感じる,ev/SC03Bd.png,cc/SC03Bd.png,tn/SC03Bd.png,S
1231040,　　　 :差分E :中出し,ev/SC03Be.png,cc/SC03Be.png,tn/SC03Be.png,S
1231050,　　　 :差分F0 :中出し続き。チンポ抜けて精液垂れる,ev/SC03Bf0.png,cc/SC03Bf0.png,tn/SC03Bf0.png,S
1231051,　　　 :差分F1 :外出し。お尻とか背中に精液かかる,ev/SC03Bf1.png,cc/SC03Bf1.png,tn/SC03Bf1.png,S
1240000,SC04A :千恵/駄菓子屋休憩部屋/昼 :差分A :授乳手コキ。全裸。胸に吸い付く : くすぐったい,ev/SC04Aa.png,cc/SC04Aa.png,tn/SC04Aa.png,S
1240010,　　　 :差分B :ちょっと怒る。,ev/SC04Ab.png,cc/SC04Ab.png,tn/SC04Ab.png,S
1240020,　　　 :差分C :手コキ開始 : ちょっと困る,ev/SC04Ac.png,cc/SC04Ac.png,tn/SC04Ac.png,S
1240030,　　　 :差分D :先走り : うれしい＆ちょっと気持ちいい,ev/SC04Ad.png,cc/SC04Ad.png,tn/SC04Ad.png,S
1240040,　　　 :差分E :射精 : びっくり,ev/SC04Ae.png,cc/SC04Ae.png,tn/SC04Ae.png,S
1240050,　　　 :差分F :射精続き : ちょっとうれしい,ev/SC04Af.png,cc/SC04Af.png,tn/SC04Af.png,S
1241000,SC04B :千恵/主人公の家の庭/昼 :差分A :ビニールプールでバック。主人公の方を見ている : 楽しそう,ev/SC04Ba.png,cc/SC04Ba.png,tn/SC04Ba.png,S
1241010,　　　 :差分B :精液入り水鉄砲を握って興奮する主人公（画面外） : 不思議そう,ev/SC04Bb.png,cc/SC04Bb.png,tn/SC04Bb.png,S
1241020,　　　 :差分C :水鉄砲でオマンコ射的 : 楽しそう,ev/SC04Bc.png,cc/SC04Bc.png,tn/SC04Bc.png,S
1241030,　　　 :差分D :射的終了。股間濡れてる,ev/SC04Bd.png,cc/SC04Bd.png,tn/SC04Bd.png,S
1241040,　　　 :差分E :挿入 : エッチな気持ち,ev/SC04Be.png,cc/SC04Be.png,tn/SC04Be.png,S
1241050,　　　 :差分F :挿入 : ちょっと感じてくる,ev/SC04Bf.png,cc/SC04Bf.png,tn/SC04Bf.png,S
1241060,　　　 :差分G :挿入 : イキそう,ev/SC04Bg.png,cc/SC04Bg.png,tn/SC04Bg.png,S
1241070,　　　 :差分H :中出し : ハァハァ,ev/SC04Bh.png,cc/SC04Bh.png,tn/SC04Bh.png,S
1241080,　　　 :差分I0 :中出し続き。チンポ抜ける,ev/SC04Bi0.png,cc/SC04Bi0.png,tn/SC04Bi0.png,S
1241081,　　　 :差分I1 :外出し。ぶっかけ,ev/SC04Bi1.png,cc/SC04Bi1.png,tn/SC04Bi1.png,S
1242000,SC04C :千恵/駄菓子屋休憩部屋/昼 :差分A :対面座位で汗だくセックス。挿入済み。 : ※※C差分と共用,ev/SC04Ca.png,cc/SC04Ca.png,tn/SC04Ca.png,S
1242010,　　　 :差分B :チュー : キス顔,ev/SC04Cb.png,cc/SC04Cb.png,tn/SC04Cb.png,S
1242030,　　　 :差分D :激しく動く。互いにイキそう : トロ顔,ev/SC04Cd.png,cc/SC04Cd.png,tn/SC04Cd.png,S
1242040,　　　 :差分E :中出し,ev/SC04Ce.png,cc/SC04Ce.png,tn/SC04Ce.png,S
1242050,　　　 :差分F :中出し続き : 挿入したまま,ev/SC04Cf.png,cc/SC04Cf.png,tn/SC04Cf.png,S
1242060,　　　 :差分G :中出しさらに続き : キス顔,ev/SC04Cg.png,cc/SC04Cg.png,tn/SC04Cg.png,S
1250000,SC05A :千恵/駄菓子屋外観（外にあるアイスの冷蔵庫）/昼（午前中） :差分A :上半身がアイスの冷凍庫にはまって動けなくなっいちーちゃん。 : ズボンとパンツを脱がされてお仕置きに怯える,ev/SC05Aa.png,cc/SC05Aa.png,tn/SC05Aa.png,S
1250010,　　　 :差分B :マンコに凍ったチューチューアイスを入れられて慌てる,ev/SC05Ab.png,cc/SC05Ab.png,tn/SC05Ab.png,S
1250020,　　　 :差分C :お尻たたかれる。手形がつく,ev/SC05Ac.png,cc/SC05Ac.png,tn/SC05Ac.png,S
1250030,　　　 :差分D :泣きながらごめんなさいする,ev/SC05Ad.png,cc/SC05Ad.png,tn/SC05Ad.png,S
1250040,　　　 :差分E :アイスを抜いてちんぽ挿入 : 泣き,ev/SC05Ae.png,cc/SC05Ae.png,tn/SC05Ae.png,S
1250050,　　　 :差分F :気持ち良くなってきた,ev/SC05Af.png,cc/SC05Af.png,tn/SC05Af.png,S
1250060,　　　 :差分G :中出し,ev/SC05Ag.png,cc/SC05Ag.png,tn/SC05Ag.png,S
1250070,　　　 :差分H0 :中出し続き。チンポ抜ける,ev/SC05Ah0.png,cc/SC05Ah0.png,tn/SC05Ah0.png,S
1250071,　　　 :差分H1 :外出し,ev/SC05Ah1.png,cc/SC05Ah1.png,tn/SC05Ah1.png,S
1260000,SC06A :千恵/駄菓子屋休憩部屋/ :差分A :お泊まり結婚式１ : 主人公に膝枕でフェラ(の直前)。下半身だけ裸,ev/SC06Aa.png,cc/SC06Aa.png,tn/SC06Aa.png,S
1260010,　　　 :差分B :チンポ舐め始める,ev/SC06Ab.png,cc/SC06Ab.png,tn/SC06Ab.png,S
1260020,　　　 :差分C :指マン開始 : ちょっと気持ち良くなる,ev/SC06Ac.png,cc/SC06Ac.png,tn/SC06Ac.png,S
1260030,　　　 :差分D :チンポなめ再開,ev/SC06Ad.png,cc/SC06Ad.png,tn/SC06Ad.png,S
1260040,　　　 :差分E :チンポ咥える,ev/SC06Ae.png,cc/SC06Ae.png,tn/SC06Ae.png,S
1260050,　　　 :差分F :口内射精,ev/SC06Af.png,cc/SC06Af.png,tn/SC06Af.png,S
1260060,　　　 :差分G0 :口内射精続き : チンポ抜ける。困った顔,ev/SC06Ag0.png,cc/SC06Ag0.png,tn/SC06Ag0.png,S
1260061,　　　 :差分G1 :顔射 : 困った顔,ev/SC06Ag1.png,cc/SC06Ag1.png,tn/SC06Ag1.png,S
1261000,SC06B :千恵/駄菓子屋休憩部屋/ :差分A :正常位。挿入前,ev/SC06Ba.png,cc/SC06Ba.png,tn/SC06Ba.png,S
1261010,　　　 :差分B :照れる,ev/SC06Bb.png,cc/SC06Bb.png,tn/SC06Bb.png,S
1261020,　　　 :差分C :挿入,ev/SC06Bc.png,cc/SC06Bc.png,tn/SC06Bc.png,S
1261030,　　　 :差分D :激しく動く。互いに感じる,ev/SC06Bd.png,cc/SC06Bd.png,tn/SC06Bd.png,S
1261040,　　　 :差分E :中出し,ev/SC06Be.png,cc/SC06Be.png,tn/SC06Be.png,S
1261050,　　　 :差分F0 :中出し続き。チンポ抜ける,ev/SC06Bf0.png,cc/SC06Bf0.png,tn/SC06Bf0.png,S
1261051,　　　 :差分F1 :外出し,ev/SC06Bf1.png,cc/SC06Bf1.png,tn/SC06Bf1.png,S
1270000,SC07A :千恵/駄菓子屋休憩部屋/ :差分A :朝食の準備 : 私服A＋エプロンでキッチン。振り向いて主人公の方を見ている,ev/SC07Aa.png,cc/SC07Aa.png,tn/SC07Aa.png,S
1270010,　　　 :差分B :にっこり,ev/SC07Ab.png,cc/SC07Ab.png,tn/SC07Ab.png,S
1270020,　　　 :差分C :ズボンとパンツずり下ろして上着まくる : 慌てる（驚く）,ev/SC07Ac.png,cc/SC07Ac.png,tn/SC07Ac.png,S
1270030,　　　 :差分D :怒る,ev/SC07Ad.png,cc/SC07Ad.png,tn/SC07Ad.png,S
1270040,　　　 :差分E :主人公、抱きついてイタズラ。くすぐったい＆困るちーちゃん,ev/SC07Ae.png,cc/SC07Ae.png,tn/SC07Ae.png,S
1270050,　　　 :差分F :射精。精液ぶっかけ : 怒る,ev/SC07Af.png,cc/SC07Af.png,tn/SC07Af.png,S
1271000,SC07B :千恵/駄菓子屋休憩部屋/ :差分A :キッチンシンクの上で半裸でM字開脚させられる : 恥ずかしい,ev/SC07Ba.png,cc/SC07Ba.png,tn/SC07Ba.png,S
1271010,　　　 :差分B :マンコに胡瓜こすりつける : 不安,ev/SC07Bb.png,cc/SC07Bb.png,tn/SC07Bb.png,S
1271020,　　　 :差分C :愛液差分 : ちょっと気持ちいい＋半泣き,ev/SC07Bc.png,cc/SC07Bc.png,tn/SC07Bc.png,S
1271030,　　　 :差分D :胡瓜離す,ev/SC07Bd.png,cc/SC07Bd.png,tn/SC07Bd.png,S
1271040,　　　 :差分E :チンポ挿入,ev/SC07Be.png,cc/SC07Be.png,tn/SC07Be.png,S
1271050,　　　 :差分F :感じてイキそう,ev/SC07Bf.png,cc/SC07Bf.png,tn/SC07Bf.png,S
1271060,　　　 :差分G :中出し,ev/SC07Bg.png,cc/SC07Bg.png,tn/SC07Bg.png,S
1271070,　　　 :差分H0 :中出し続き,ev/SC07Bh0.png,cc/SC07Bh0.png,tn/SC07Bh0.png,S
1271071,　　　 :差分H1 :外出し,ev/SC07Bh1.png,cc/SC07Bh1.png,tn/SC07Bh1.png,S
1400000,SE00A :千恵/駄菓子屋休憩部屋/ :差分A :バックみたいな。パンツ脱いでいる : アナルビーズのヒモが出てる,ev/SE00Aa.png,cc/SE00Aa.png,tn/SE00Aa.png,S
1400010,　　　 :差分B :アナルビーズのヒモ引っぱる : ちょっと感じてる,ev/SE00Ab.png,cc/SE00Ab.png,tn/SE00Ab.png,S
1400020,　　　 :差分C :アナルビーズ全部抜ける : ちょっと興奮,ev/SE00Ac.png,cc/SE00Ac.png,tn/SE00Ac.png,S
1400030,　　　 :差分D :アナルにチンポ挿入 : ちょっと苦しい,ev/SE00Ad.png,cc/SE00Ad.png,tn/SE00Ad.png,S
1400040,　　　 :差分E :自分の指でオナニーさせる : 股間に手,ev/SE00Ae.png,cc/SE00Ae.png,tn/SE00Ae.png,S
1400050,　　　 :差分F :アナルで感じてくる,ev/SE00Af.png,cc/SE00Af.png,tn/SE00Af.png,S
1400060,　　　 :差分G :感じてイキそう,ev/SE00Ag.png,cc/SE00Ag.png,tn/SE00Ag.png,S
1400070,　　　 :差分H :中出し,ev/SE00Ah.png,cc/SE00Ah.png,tn/SE00Ah.png,S
1400080,　　　 :差分I0 :中出し続き。チンポ抜ける,ev/SE00Ai0.png,cc/SE00Ai0.png,tn/SE00Ai0.png,S
1400081,　　　 :差分I1 :外出し,ev/SE00Ai1.png,cc/SE00Ai1.png,tn/SE00Ai1.png,S
2000000,KA00A :コマコ/駄菓子屋店内/昼 :差分A :コマコが酢イカ食べる : イカ咥えてる,ev/KA00Aa.png,cc/KA00Aa.png,tn/KA00Aa.png,K
2000010,　　　 :差分B :食べるの一時中断（口から出ている） : 主人公に目線,ev/KA00Ab.png,cc/KA00Ab.png,tn/KA00Ab.png,K
2100000,KB00A :コマコ/駄菓子屋休憩部屋（主人公部屋）/昼 :差分A :パンツをオマンコに食い込ませてオナニーするコマコ : 恥ずかしい,ev/KB00Aa.png,cc/KB00Aa.png,tn/KB00Aa.png,K
2100010,　　　 :差分B :スカートの端を口にくわえる,ev/KB00Ab.png,cc/KB00Ab.png,tn/KB00Ab.png,K
2100020,　　　 :差分C :パンツ湿る : 感じてくる,ev/KB00Ac.png,cc/KB00Ac.png,tn/KB00Ac.png,K
2100030,　　　 :差分D :イく,ev/KB00Ad.png,cc/KB00Ad.png,tn/KB00Ad.png,K
2110000,KB01A :コマコ/河原/昼 :差分A :主人公に日焼け止めを塗ってもらう。 : レジャーシートの上に女の子座り,ev/KB01Aa.png,cc/KB01Aa.png,tn/KB01Aa.png,K
2110010,　　　 :差分B :スク水の隙間から胸に手を入れられて焦る,ev/KB01Ab.png,cc/KB01Ab.png,tn/KB01Ab.png,K
2110020,　　　 :差分C :胸揉まれてちょっと感じる,ev/KB01Ac.png,cc/KB01Ac.png,tn/KB01Ac.png,K
2120000,KB02A :コマコ/駄菓子屋休憩部屋（主人公部屋）/昼 :差分A :コマコを膝の上に乗せてAV鑑賞 : 主人公の勃起ちんぽにコマコの股間が密着,ev/KB02Aa.png,cc/KB02Aa.png,tn/KB02Aa.png,K
2120010,　　　 :差分B :パンツが湿る : ちょっと興奮してきた,ev/KB02Ab.png,cc/KB02Ab.png,tn/KB02Ab.png,K
2120020,　　　 :差分C :パンツの染みが大きくなる。主人公のズボンに染みこむ : 感じるコマコ,ev/KB02Ac.png,cc/KB02Ac.png,tn/KB02Ac.png,K
2121000,KB02B :コマコ/駄菓子屋休憩部屋（主人公部屋）/昼 :差分A :抱き枕に抱きついて腰を動かすコマコ。パンツ脱いでる。もう濡れてる。 : 切ない,ev/KB02Ba.png,cc/KB02Ba.png,tn/KB02Ba.png,K
2121010,　　　 :差分B :抱き枕に愛液の染み : 感じるコマコ,ev/KB02Bb.png,cc/KB02Bb.png,tn/KB02Bb.png,K
2121020,　　　 :差分C :軽くイってしまった瞬間,ev/KB02Bc.png,cc/KB02Bc.png,tn/KB02Bc.png,K
2121030,　　　 :差分D :染みがさらに大きく : ハァハァ,ev/KB02Bd.png,cc/KB02Bd.png,tn/KB02Bd.png,K
2130000,KB03A :コマコ/駄菓子屋店内/昼（雨） :差分A :雨に濡れたコマコ。白ワンピが透けて乳首とパンツ見える,ev/KB03Aa.png,cc/KB03Aa.png,tn/KB03Aa.png,K
2140000,KB04A :コマコ/駄菓子屋トイレ/昼 :差分A :コマコオナニー。トイレに座って両手でまんこいじる : ちーちゃんから貰った飴を口の中でもぐもぐして興奮,ev/KB04Aa.png,cc/KB04Aa.png,tn/KB04Aa.png,K
2140010,　　　 :差分B :口から出した飴をオマンコの上で滑らせてオナニー,ev/KB04Ab.png,cc/KB04Ab.png,tn/KB04Ab.png,K
2140020,　　　 :差分C :オマンコの中に飴が入ってしまい焦る,ev/KB04Ac.png,cc/KB04Ac.png,tn/KB04Ac.png,K
2140030,　　　 :差分D :涙目 : 焦ったり不安だったり,ev/KB04Ad.png,cc/KB04Ad.png,tn/KB04Ad.png,K
2141000,KB04B :コマコ/駄菓子屋休憩部屋/昼 :差分A :パンツを脱いで四つん這い。オマンコ丸見え : 不安,ev/KB04Ba.png,cc/KB04Ba.png,tn/KB04Ba.png,K
2141010,　　　 :差分B :力む : 目をつぶる,ev/KB04Bb.png,cc/KB04Bb.png,tn/KB04Bb.png,K
2141020,　　　 :差分C :マンコから飴がちょっと顔を出す,ev/KB04Bc.png,cc/KB04Bc.png,tn/KB04Bc.png,K
2141030,　　　 :差分D :主人公が口で吸い出す（主人公は手のみ） : ちょっと感じる,ev/KB04Bd.png,cc/KB04Bd.png,tn/KB04Bd.png,K
2141040,　　　 :差分E :愛液垂れる : だいぶ感じる,ev/KB04Be.png,cc/KB04Be.png,tn/KB04Be.png,K
2141050,　　　 :差分F :マンコべとべと : 軽くイッてハァハァ,ev/KB04Bf.png,cc/KB04Bf.png,tn/KB04Bf.png,K
2150000,KB05A :コマコ/駄菓子屋休憩部屋/昼 :差分A :コマコでオナニー : 寝ているコマコ,ev/KB05Aa.png,cc/KB05Aa.png,tn/KB05Aa.png,K
2150010,　　　 :差分B :ジッパー降ろしてズボン少し脱がせる : パンツ見える,ev/KB05Ab.png,cc/KB05Ab.png,tn/KB05Ab.png,K
2150020,　　　 :差分C :上着めくる : ぱんつ＋おっぱい見える,ev/KB05Ac.png,cc/KB05Ac.png,tn/KB05Ac.png,K
2150030,　　　 :差分D :パンツずらす : まんこ＋おっぱい丸見え,ev/KB05Ad.png,cc/KB05Ad.png,tn/KB05Ad.png,K
2150050,　　　 :差分F :おっぱいにちんこ擦りつける : 嫌そう（寝てる）,ev/KB05Af.png,cc/KB05Af.png,tn/KB05Af.png,K
2150060,　　　 :差分G :射精。精液差分 : 元の表情に戻る,ev/KB05Ag.png,cc/KB05Ag.png,tn/KB05Ag.png,K
2160000,KB06A :コマコ/駄菓子屋休憩部屋/昼 :差分A :コマコにオナホを握らせる：射精前 : オマンコ（オナホ）を観察,ev/KB06Aa.png,cc/KB06Aa.png,tn/KB06Aa.png,K
2160010,　　　 :差分B :射精前 : 舌を出して舐める,ev/KB06Ab.png,cc/KB06Ab.png,tn/KB06Ab.png,K
2160020,　　　 :差分C :射精後（KB06Bのあと） : 精液に興味津々,ev/KB06Ac.png,cc/KB06Ac.png,tn/KB06Ac.png,K
2160030,　　　 :差分D :射精後 : 舌を出して舐める,ev/KB06Ad.png,cc/KB06Ad.png,tn/KB06Ad.png,K
2161000,KB06B :コマコ/駄菓子屋休憩部屋/昼 :差分A :コマコにオナホを握らせてオナニー : 挿入前,ev/KB06Ba.png,cc/KB06Ba.png,tn/KB06Ba.png,K
2161010,　　　 :差分B :挿入 : 観察するコマコ,ev/KB06Bb.png,cc/KB06Bb.png,tn/KB06Bb.png,K
2161020,　　　 :差分C :主人公に目線,ev/KB06Bc.png,cc/KB06Bc.png,tn/KB06Bc.png,K
2161030,　　　 :差分D :コマコの頭を両手で掴んで激しく動く,ev/KB06Bd.png,cc/KB06Bd.png,tn/KB06Bd.png,K
2161040,　　　 :差分E :オナホ内射精 : ちょっと興奮,ev/KB06Be.png,cc/KB06Be.png,tn/KB06Be.png,K
2161050,　　　 :差分F :チンポ抜く : 主人公のほうを見る,ev/KB06Bf.png,cc/KB06Bf.png,tn/KB06Bf.png,K
2200000,KC00A :コマコ/駄菓子屋休憩部屋（主人公部屋）/昼 :差分A :初セックス : 裸で恥ずかしい。,ev/KC00Aa.png,cc/KC00Aa.png,tn/KC00Aa.png,K
2200010,　　　 :差分B :胸を触る : ちょっと気持ちいい,ev/KC00Ab.png,cc/KC00Ab.png,tn/KC00Ab.png,K
2200020,　　　 :差分C :マンコ触る : ちょっと気持ちいい,ev/KC00Ac.png,cc/KC00Ac.png,tn/KC00Ac.png,K
2200030,　　　 :差分D :愛液差分 : 恥ずかしい,ev/KC00Ad.png,cc/KC00Ad.png,tn/KC00Ad.png,K
2200040,　　　 :差分E :挿入,ev/KC00Ae.png,cc/KC00Ae.png,tn/KC00Ae.png,K
2200050,　　　 :差分F :出血差分 : 破瓜。痛い。,ev/KC00Af.png,cc/KC00Af.png,tn/KC00Af.png,K
2200060,　　　 :差分G :おちんちんはいったの？ みたいな,ev/KC00Ag.png,cc/KC00Ag.png,tn/KC00Ag.png,K
2200070,　　　 :差分H :主人公動く : 気持ちいい,ev/KC00Ah.png,cc/KC00Ah.png,tn/KC00Ah.png,K
2200080,　　　 :差分I :中出し : 精液溢れる,ev/KC00Ai.png,cc/KC00Ai.png,tn/KC00Ai.png,K
2200090,　　　 :差分J :中出し続き。チンポ抜ける : ハァハァ,ev/KC00Aj.png,cc/KC00Aj.png,tn/KC00Aj.png,K
2201000,KC00B :コマコ/駄菓子屋休憩部屋（主人公部屋）/昼 :差分A :コマコにペニバンでアナルを犯される : 興奮,ev/KC00Ba.png,cc/KC00Ba.png,tn/KC00Ba.png,K
2201010,　　　 :差分B :楽しそう,ev/KC00Bb.png,cc/KC00Bb.png,tn/KC00Bb.png,K
2201020,　　　 :差分C :一生懸命アナルを犯す,ev/KC00Bc.png,cc/KC00Bc.png,tn/KC00Bc.png,K
2201030,　　　 :差分D :主人公射精の瞬間 : 興奮,ev/KC00Bd.png,cc/KC00Bd.png,tn/KC00Bd.png,K
2201040,　　　 :差分E :射精続き,ev/KC00Be.png,cc/KC00Be.png,tn/KC00Be.png,K
2210000,KC01A :コマコ/駄菓子屋休憩部屋（主人公部屋）/昼 :差分A :コマコの両腕押さえつけてぺろぺろなめる : 嫌がる,ev/KC01Aa.png,cc/KC01Aa.png,tn/KC01Aa.png,K
2210010,　　　 :差分B :チューしようとする : 口を噤む,ev/KC01Ab.png,cc/KC01Ab.png,tn/KC01Ab.png,K
2210020,　　　 :差分C :腋を舐める : 涙目,ev/KC01Ac.png,cc/KC01Ac.png,tn/KC01Ac.png,K
2210030,　　　 :差分D :服の上からおっぱい舐める : トロ顔,ev/KC01Ad.png,cc/KC01Ad.png,tn/KC01Ad.png,K
2210040,　　　 :差分E :ベロチュー : トロ顔＋涙,ev/KC01Ae.png,cc/KC01Ae.png,tn/KC01Ae.png,K
2220000,KC02A :コマコ/駄菓子屋休憩部屋（主人公部屋）/昼 :差分A :素股っぽい体制でパンツ手コキ,ev/KC02Aa.png,cc/KC02Aa.png,tn/KC02Aa.png,K
2220010,　　　 :差分B :先走りでパンツに染み : 驚く,ev/KC02Ab.png,cc/KC02Ab.png,tn/KC02Ab.png,K
2220020,　　　 :差分C :興奮,ev/KC02Ac.png,cc/KC02Ac.png,tn/KC02Ac.png,K
2220030,　　　 :差分D :射精 : びっくり,ev/KC02Ad.png,cc/KC02Ad.png,tn/KC02Ad.png,K
2220040,　　　 :差分E :パンツが精液でドロドロ : チンポを見つめるコマコ,ev/KC02Ae.png,cc/KC02Ae.png,tn/KC02Ae.png,K
2230000,KC03A :コマコ/駄菓子屋休憩部屋（主人公部屋）/昼 :差分A :ちーちゃんでオナニーしてたコマコに寝バックで挿入 : 嫌がる,ev/KC03Aa.png,cc/KC03Aa.png,tn/KC03Aa.png,K
2230010,　　　 :差分B :ちょっと感じる,ev/KC03Ab.png,cc/KC03Ab.png,tn/KC03Ab.png,K
2230020,　　　 :差分C :声を画面,ev/KC03Ac.png,cc/KC03Ac.png,tn/KC03Ac.png,K
2230030,　　　 :差分D :涙目で懇願,ev/KC03Ad.png,cc/KC03Ad.png,tn/KC03Ad.png,K
2230040,　　　 :差分E :涙目で感じる,ev/KC03Ae.png,cc/KC03Ae.png,tn/KC03Ae.png,K
2230050,　　　 :差分F :中出し : イキ声を我慢,ev/KC03Af.png,cc/KC03Af.png,tn/KC03Af.png,K
2230060,　　　 :差分G :中出し続き : 快感から解放されてハァハァ,ev/KC03Ag.png,cc/KC03Ag.png,tn/KC03Ag.png,K
2250000,KC05A :コマコ/駄菓子屋休憩部屋（主人公部屋）/昼 :差分A :半裸でチンポ挿入済み : 嫌がって抵抗,ev/KC05Aa.png,cc/KC05Aa.png,tn/KC05Aa.png,K
2250010,　　　 :差分B :半泣き,ev/KC05Ab.png,cc/KC05Ab.png,tn/KC05Ab.png,K
2250020,　　　 :差分C :愛液差分 : 嫌だけど気持ちいい,ev/KC05Ac.png,cc/KC05Ac.png,tn/KC05Ac.png,K
2250030,　　　 :差分D0 :中出し,ev/KC05Ad0.png,cc/KC05Ad0.png,tn/KC05Ad0.png,K
2250031,　　　 :差分D1 :外出し,ev/KC05Ad1.png,cc/KC05Ad1.png,tn/KC05Ad1.png,K
2260000,KC06A :コマコ/駄菓子屋休憩部屋（主人公部屋）/昼 :差分A :コマコとちーちゃんが互いの性器をパンツの上から愛撫,ev/KC06Aa.png,cc/KC06Aa.png,tn/KC06Aa.png,K
2260010,　　　 :差分B :ちーちゃん愛液差分 : 感じるちーちゃん,ev/KC06Ab.png,cc/KC06Ab.png,tn/KC06Ab.png,K
2260020,　　　 :差分C :二人とも愛液差分 : キス,ev/KC06Ac.png,cc/KC06Ac.png,tn/KC06Ac.png,K
2260030,　　　 :差分D :キスの後 : 興奮,ev/KC06Ad.png,cc/KC06Ad.png,tn/KC06Ad.png,K
2270000,KC07A :コマコ/駄菓子屋休憩部屋（主人公部屋）/昼 :差分A :勃起チンポを手コキ : 主人公の反応を伺う,ev/KC07Aa.png,cc/KC07Aa.png,tn/KC07Aa.png,K
2270010,　　　 :差分B :先走り差分 : うれしい（楽しい）,ev/KC07Ab.png,cc/KC07Ab.png,tn/KC07Ab.png,K
2270020,　　　 :差分C :チンポ咥える,ev/KC07Ac.png,cc/KC07Ac.png,tn/KC07Ac.png,K
2270030,　　　 :差分D :口を離す : ※フェラ途中の会話用差分,ev/KC07Ad.png,cc/KC07Ad.png,tn/KC07Ad.png,K
2270040,　　　 :差分E :射精させるために一生懸命フェラ : ちょっと興奮,ev/KC07Ae.png,cc/KC07Ae.png,tn/KC07Ae.png,K
2270050,　　　 :差分F0 :口内射精,ev/KC07Af0.png,cc/KC07Af0.png,tn/KC07Af0.png,K
2270051,　　　 :差分F1 :顔射,ev/KC07Af1.png,cc/KC07Af1.png,tn/KC07Af1.png,K
2270060,　　　 :差分G0 :口内射精続き　チンポから口を離す : 困り,ev/KC07Ag0.png,cc/KC07Ag0.png,tn/KC07Ag0.png,K
2270061,　　　 :差分G1 :顔射続き : 困り,ev/KC07Ag1.png,cc/KC07Ag1.png,tn/KC07Ag1.png,K
2271000,KC07B :コマコ/駄菓子屋休憩部屋（主人公部屋）/昼 :差分A :騎乗位。挿入前 : 不安,ev/KC07Ba.png,cc/KC07Ba.png,tn/KC07Ba.png,K
2271010,　　　 :差分B :挿入 : ちょっと苦しい,ev/KC07Bb.png,cc/KC07Bb.png,tn/KC07Bb.png,K
2271020,　　　 :差分C :主人公に気持ちいいかとか射精できそうかとか聞いたり,ev/KC07Bc.png,cc/KC07Bc.png,tn/KC07Bc.png,K
2271030,　　　 :差分D :ちょっと感じてきた,ev/KC07Bd.png,cc/KC07Bd.png,tn/KC07Bd.png,K
2271040,　　　 :差分E :愛液差分 : 気持ちいい。射精を促す。,ev/KC07Be.png,cc/KC07Be.png,tn/KC07Be.png,K
2271050,　　　 :差分F :中出し,ev/KC07Bf.png,cc/KC07Bf.png,tn/KC07Bf.png,K
2271060,　　　 :差分G0 :中出し続き : チンポ抜ける,ev/KC07Bg0.png,cc/KC07Bg0.png,tn/KC07Bg0.png,K
2271061,　　　 :差分G1 :外出し,ev/KC07Bg1.png,cc/KC07Bg1.png,tn/KC07Bg1.png,K
2280000,KC08A :コマコ/駄菓子屋休憩部屋（主人公部屋）/昼 :差分A :経血まんこで顔面騎乗 : どうしていいのかわからなくて困惑,ev/KC08Aa.png,cc/KC08Aa.png,tn/KC08Aa.png,K
2280010,　　　 :差分B :まんこ舐める : 会話差分：恥ずかしい,ev/KC08Ab.png,cc/KC08Ab.png,tn/KC08Ab.png,K
2280020,　　　 :差分C :まんこ舐める : 会話差分：拗ねる,ev/KC08Ac.png,cc/KC08Ac.png,tn/KC08Ac.png,K
2280030,　　　 :差分D :まんこ舐める : 会話差分：感じる　※※Fと共用,ev/KC08Ad.png,cc/KC08Ad.png,tn/KC08Ad.png,K
2280040,　　　 :差分E :おしっこ漏れそう : 感じる ＋ 困る,ev/KC08Ae.png,cc/KC08Ae.png,tn/KC08Ae.png,K
2280060,　　　 :差分G :放尿 : 軽くイってしまう,ev/KC08Ag.png,cc/KC08Ag.png,tn/KC08Ag.png,K
2281000,KC08B :コマコ/駄菓子屋休憩部屋（お昼寝に使ったお布団または座布団の上）/昼 :差分A :正常位で挿入寸前 : 困る ＋ 軽く嫌がる,ev/KC08Ba.png,cc/KC08Ba.png,tn/KC08Ba.png,K
2281010,　　　 :差分B :慌てる ＋ 焦る,ev/KC08Bb.png,cc/KC08Bb.png,tn/KC08Bb.png,K
2281020,　　　 :差分C :挿入 : 涙目で抗議,ev/KC08Bc.png,cc/KC08Bc.png,tn/KC08Bc.png,K
2281030,　　　 :差分D :ギュッと目を瞑って我慢,ev/KC08Bd.png,cc/KC08Bd.png,tn/KC08Bd.png,K
2281040,　　　 :差分E :愛液差分 : 感じる,ev/KC08Be.png,cc/KC08Be.png,tn/KC08Be.png,K
2281050,　　　 :差分F :イキそう,ev/KC08Bf.png,cc/KC08Bf.png,tn/KC08Bf.png,K
2281060,　　　 :差分G :中出し : イッちゃう,ev/KC08Bg.png,cc/KC08Bg.png,tn/KC08Bg.png,K
2281070,　　　 :差分H0 :中出し続き : チンポ抜ける,ev/KC08Bh0.png,cc/KC08Bh0.png,tn/KC08Bh0.png,K
2281071,　　　 :差分H1 :外出し,ev/KC08Bh1.png,cc/KC08Bh1.png,tn/KC08Bh1.png,K
2400000,KE00A :コマコ/駄菓子屋縁側（庭）/昼 :差分A :ブタメンおしっこ。しーしーポーズ : 恥ずかしい,ev/KE00Aa.png,cc/KE00Aa.png,tn/KE00Aa.png,K
2400010,　　　 :差分B :恥ずかしい ＋ 困る,ev/KE00Ab.png,cc/KE00Ab.png,tn/KE00Ab.png,K
2400020,　　　 :差分C :力んでおしっこしようとする,ev/KE00Ac.png,cc/KE00Ac.png,tn/KE00Ac.png,K
2400030,　　　 :差分D :放尿開始 : すごく恥ずかしい,ev/KE00Ad.png,cc/KE00Ad.png,tn/KE00Ad.png,K
2400040,　　　 :差分E :放尿終了 : 放心,ev/KE00Ae.png,cc/KE00Ae.png,tn/KE00Ae.png,K
2410000,KE01A :コマコ/駄菓子屋休憩部屋（布団の上）/昼 :差分A :妊娠END。スク水で膝立ち : 腹をさすったり,ev/KE01Aa.png,cc/KE01Aa.png,tn/KE01Aa.png,K
2410010,　　　 :差分B :母乳がしみ出す : 困る ＋ 恥ずかしい,ev/KE01Ab.png,cc/KE01Ab.png,tn/KE01Ab.png,K
2410020,　　　 :差分C :スク水を下ろしておっぱい丸見え,ev/KE01Ac.png,cc/KE01Ac.png,tn/KE01Ac.png,K
2410030,　　　 :差分D :母乳差分　オッパイ吸う主人公 : ちょっと気持ちいい,ev/KE01Ad.png,cc/KE01Ad.png,tn/KE01Ad.png,K
2410040,　　　 :差分E :母乳噴射 : 軽くイッちゃう,ev/KE01Ae.png,cc/KE01Ae.png,tn/KE01Ae.png,K
2410050,　　　 :差分F :搾乳おわり　愛液 : ハァハァ＋恥ずかしい,ev/KE01Af.png,cc/KE01Af.png,tn/KE01Af.png,K
2411000,KE01B :コマコ/駄菓子屋休憩部屋（布団の上）/昼 :差分A :妊娠セックス。挿入済み : 苦しい ＋ 気持ちいい,ev/KE01Ba.png,cc/KE01Ba.png,tn/KE01Ba.png,K
2411010,　　　 :差分B :気持ちいいのを我慢,ev/KE01Bb.png,cc/KE01Bb.png,tn/KE01Bb.png,K
2411020,　　　 :差分C :我慢をやめて感じ始める,ev/KE01Bc.png,cc/KE01Bc.png,tn/KE01Bc.png,K
2411030,　　　 :差分D :母乳差分 : すごい感じる,ev/KE01Bd.png,cc/KE01Bd.png,tn/KE01Bd.png,K
2411040,　　　 :差分E :中出し,ev/KE01Be.png,cc/KE01Be.png,tn/KE01Be.png,K
2411050,　　　 :差分F0 :中出し続き : チンポ入ったまま,ev/KE01Bf0.png,cc/KE01Bf0.png,tn/KE01Bf0.png,K
2411051,　　　 :差分F1 :外出し,ev/KE01Bf1.png,cc/KE01Bf1.png,tn/KE01Bf1.png,K
3000000,TA00A :甜花/駄菓子屋店内/昼 :差分A :アイドルカードを握りしめる甜花 : 嬉しそう,ev/TA00Aa.png,cc/TA00Aa.png,tn/TA00Aa.png,T
3000010,　　　 :差分B :不満げ,ev/TA00Ab.png,cc/TA00Ab.png,tn/TA00Ab.png,T
3000020,　　　 :差分C :涙目,ev/TA00Ac.png,cc/TA00Ac.png,tn/TA00Ac.png,T
3100000,TB00A :甜花/河原（林の中）/昼 :差分A :しゃがんで野ション : 不安げ,ev/TB00Aa.png,cc/TB00Aa.png,tn/TB00Aa.png,T
3100010,　　　 :差分B :おしっこ出る,ev/TB00Ab.png,cc/TB00Ab.png,tn/TB00Ab.png,T
3100020,　　　 :差分C :おしっこ終了,ev/TB00Ac.png,cc/TB00Ac.png,tn/TB00Ac.png,T
3110000,TB01A :甜花/駄菓子屋休憩部屋（主人公部屋）/昼 :差分A :服の上からメジャーで測る。胸より下に当てる : 恥ずかしい,ev/TB01Aa.png,cc/TB01Aa.png,tn/TB01Aa.png,T
3110010,　　　 :差分B :メジャーが胸の高さに : 焦る,ev/TB01Ab.png,cc/TB01Ab.png,tn/TB01Ab.png,T
3110020,　　　 :差分C :乳首勃ってくる : 恥ずかしい,ev/TB01Ac.png,cc/TB01Ac.png,tn/TB01Ac.png,T
3110030,　　　 :差分D :メジャー元の位置に : 恥ずかしい＋感じる,ev/TB01Ad.png,cc/TB01Ad.png,tn/TB01Ad.png,T
3120000,TB02A :甜花/駄菓子屋休憩部屋（主人公部屋）/昼 :差分A :強制オナニー : 恥ずかしい,ev/TB02Aa.png,cc/TB02Aa.png,tn/TB02Aa.png,T
3120010,　　　 :差分B :パンツめくってメンソレータム塗る : 慌てる,ev/TB02Ab.png,cc/TB02Ab.png,tn/TB02Ab.png,T
3120020,　　　 :差分C :パンツ戻す : 涙目,ev/TB02Ac.png,cc/TB02Ac.png,tn/TB02Ac.png,T
3120030,　　　 :差分D :パンツの上からオマンコをさする甜花。パンツにちょっと染み,ev/TB02Ad.png,cc/TB02Ad.png,tn/TB02Ad.png,T
3120040,　　　 :差分E :軽くイッて染みが大きくなる,ev/TB02Ae.png,cc/TB02Ae.png,tn/TB02Ae.png,T
3130000,TB03A :甜花/駄菓子屋外観/昼 :差分A :ダンスしてパンチラ,ev/TB03Aa.png,cc/TB03Aa.png,tn/TB03Aa.png,T
3131000,TB03B :甜花/お風呂/昼 :差分A :甜花の髪を洗う : 怒ってる。ふくれ面,ev/TB03Ba.png,cc/TB03Ba.png,tn/TB03Ba.png,T
3131010,　　　 :差分B :まだちょっと怒ってる風。恥ずかしい,ev/TB03Bb.png,cc/TB03Bb.png,tn/TB03Bb.png,T
3131020,　　　 :差分C :髪コキ開始 : ちょんまげ,ev/TB03Bc.png,cc/TB03Bc.png,tn/TB03Bc.png,T
3131030,　　　 :差分D :射精,ev/TB03Bd.png,cc/TB03Bd.png,tn/TB03Bd.png,T
3140000,TB04A :甜花/駄菓子屋休憩部屋（主人公部屋）/昼 :差分A :甜花でオナニー : 寝ている,ev/TB04Aa.png,cc/TB04Aa.png,tn/TB04Aa.png,T
3140010,　　　 :差分B :ズボンちょっと脱がせる : パンツ見える,ev/TB04Ab.png,cc/TB04Ab.png,tn/TB04Ab.png,T
3140020,　　　 :差分C :上着めくる : パンツ＋おっぱい見える,ev/TB04Ac.png,cc/TB04Ac.png,tn/TB04Ac.png,T
3140030,　　　 :差分D :パンツずらす : まんこ＋おっぱい見える」,ev/TB04Ad.png,cc/TB04Ad.png,tn/TB04Ad.png,T
3140040,　　　 :差分E :おっぱい揉む : くすぐったそう（寝てる）,ev/TB04Ae.png,cc/TB04Ae.png,tn/TB04Ae.png,T
3140050,　　　 :差分F :ちんこ擦りつける : くすぐったそう（寝てる）,ev/TB04Af.png,cc/TB04Af.png,tn/TB04Af.png,T
3140060,　　　 :差分G :射精,ev/TB04Ag.png,cc/TB04Ag.png,tn/TB04Ag.png,T
3150000,TB05A :甜花/河原/昼 :差分A :グラビア撮影。アナル丸見えのマイクロビキニ : 恥ずかしい,ev/TB05Aa.png,cc/TB05Aa.png,tn/TB05Aa.png,T
3150010,　　　 :差分B :困る,ev/TB05Ab.png,cc/TB05Ab.png,tn/TB05Ab.png,T
3150020,　　　 :差分C :主人公がオナニー始める（画面外） : びっくり,ev/TB05Ac.png,cc/TB05Ac.png,tn/TB05Ac.png,T
3151000,TB05B :甜花/河原/昼 :差分A :強制手コキ。ちんこ触らせる : 怯える,ev/TB05Ba.png,cc/TB05Ba.png,tn/TB05Ba.png,T
3151010,　　　 :差分B :射精 : ちょっとびっくり,ev/TB05Bb.png,cc/TB05Bb.png,tn/TB05Bb.png,T
3151020,　　　 :差分C :気持ち悪い。涙目,ev/TB05Bc.png,cc/TB05Bc.png,tn/TB05Bc.png,T
3151030,　　　 :差分D :困る（照れる）,ev/TB05Bd.png,cc/TB05Bd.png,tn/TB05Bd.png,T
3151040,　　　 :差分E :主人公の手外して甜花自ら手コキ : 恥ずかしい,ev/TB05Be.png,cc/TB05Be.png,tn/TB05Be.png,T
3151050,　　　 :差分F :困りつつも手コキ,ev/TB05Bf.png,cc/TB05Bf.png,tn/TB05Bf.png,T
3151060,　　　 :差分G :射精（二度目）,ev/TB05Bg.png,cc/TB05Bg.png,tn/TB05Bg.png,T
3200000,TC00A :甜花/駄菓子屋休憩部屋（主人公部屋）/昼 :差分A :胸を触診。目隠し＋おっぱい丸見えで床に寝てる : 恥ずかしい,ev/TC00Aa.png,cc/TC00Aa.png,tn/TC00Aa.png,T
3200010,　　　 :差分B :触診 : ちょっと痛い／気持ちいい,ev/TC00Ab.png,cc/TC00Ab.png,tn/TC00Ab.png,T
3200020,　　　 :差分C :胸にちんこ押し当てる : 恥ずかしい,ev/TC00Ac.png,cc/TC00Ac.png,tn/TC00Ac.png,T
3200030,　　　 :差分D :ちんこ : ちょっと痛い／気持ちいい,ev/TC00Ad.png,cc/TC00Ad.png,tn/TC00Ad.png,T
3200040,　　　 :差分E :射精,ev/TC00Ae.png,cc/TC00Ae.png,tn/TC00Ae.png,T
3200050,　　　 :差分F :射精後。塗りたくる : ちょっと気持ちいい,ev/TC00Af.png,cc/TC00Af.png,tn/TC00Af.png,T
3201000,TC00B :甜花/駄菓子屋休憩部屋（主人公部屋）/昼 :差分A :アナルセックス。バックの体勢 : 怯える,ev/TC00Ba.png,cc/TC00Ba.png,tn/TC00Ba.png,T
3201010,　　　 :差分B :嫌がる,ev/TC00Bb.png,cc/TC00Bb.png,tn/TC00Bb.png,T
3201020,　　　 :差分C :アナルに挿入 : 痛い,ev/TC00Bc.png,cc/TC00Bc.png,tn/TC00Bc.png,T
3201030,　　　 :差分D :しくしく泣く,ev/TC00Bd.png,cc/TC00Bd.png,tn/TC00Bd.png,T
3201040,　　　 :差分E :中出し,ev/TC00Be.png,cc/TC00Be.png,tn/TC00Be.png,T
3201050,　　　 :差分F0 :中出し続き。ちんこ抜く : アナルから精液出てくる,ev/TC00Bf0.png,cc/TC00Bf0.png,tn/TC00Bf0.png,T
3201051,　　　 :差分F1 :外出し : ぶっっかけ,ev/TC00Bf1.png,cc/TC00Bf1.png,tn/TC00Bf1.png,T
3210000,TC01A :甜花/軽トラ室内/昼 :差分A :軽トラの助手席,ev/TC01Aa.png,cc/TC01Aa.png,tn/TC01Aa.png,T
3210010,　　　 :差分B :困る／恥ずかしがる,ev/TC01Ab.png,cc/TC01Ab.png,tn/TC01Ab.png,T
3210020,　　　 :差分C :甜花はパンツ見せる。主人公はちんこ出してオナニー : 恥ずかしい,ev/TC01Ac.png,cc/TC01Ac.png,tn/TC01Ac.png,T
3210030,　　　 :差分D :上着まくって胸を見せる : 恥ずかしい,ev/TC01Ad.png,cc/TC01Ad.png,tn/TC01Ad.png,T
3210040,　　　 :差分E :手コキ : 恥ずかしい,ev/TC01Ae.png,cc/TC01Ae.png,tn/TC01Ae.png,T
3210050,　　　 :差分F :射精,ev/TC01Af.png,cc/TC01Af.png,tn/TC01Af.png,T
3210060,　　　 :差分G :BとCの間：甜花がバンツ出して主人公がチンポ出す前,ev/TC01Ag.png,cc/TC01Ag.png,tn/TC01Ag.png,T
3220000,TC02A :甜花/駄菓子屋お風呂/昼 :差分A :マイクロビキニ。抱き合ってチンコを甜花に押しつける : 恥ずかしい＋困り,ev/TC02Aa.png,cc/TC02Aa.png,tn/TC02Aa.png,T
3220010,　　　 :差分B :恥ずかしい＋視線逸らし,ev/TC02Ab.png,cc/TC02Ab.png,tn/TC02Ab.png,T
3220020,　　　 :差分C :恥ずかしい＋怒り,ev/TC02Ac.png,cc/TC02Ac.png,tn/TC02Ac.png,T
3220030,　　　 :差分D :射精,ev/TC02Ad.png,cc/TC02Ad.png,tn/TC02Ad.png,T
3220040,　　　 :差分E :射精続き : 恥ずかしい＋視線逸らし,ev/TC02Ae.png,cc/TC02Ae.png,tn/TC02Ae.png,T
3230000,TC03A :甜花/駄菓子屋休憩部屋/昼 :差分A :初ライブ : 正面見る。恥ずかしい,ev/TC03Aa.png,cc/TC03Aa.png,tn/TC03Aa.png,T
3230010,　　　 :差分B :視線逸らす,ev/TC03Ab.png,cc/TC03Ab.png,tn/TC03Ab.png,T
3230020,　　　 :差分C :愛液垂れる : 正面見る。恥ずかしい,ev/TC03Ac.png,cc/TC03Ac.png,tn/TC03Ac.png,T
3230030,　　　 :差分D :愛液垂れる : 視線逸らす,ev/TC03Ad.png,cc/TC03Ad.png,tn/TC03Ad.png,T
3231000,TC03B :甜花/駄菓子屋休憩部屋/昼 :差分A :おちんちん握手会。膝立ち : ちょっと恥ずかしい,ev/TC03Ba.png,cc/TC03Ba.png,tn/TC03Ba.png,T
3231010,　　　 :差分B :ちんぽ２本 : びっくり,ev/TC03Bb.png,cc/TC03Bb.png,tn/TC03Bb.png,T
3231020,　　　 :差分C :困惑＋恥ずかしい,ev/TC03Bc.png,cc/TC03Bc.png,tn/TC03Bc.png,T
3231030,　　　 :差分D :両手で２本同時に手コキ開始,ev/TC03Bd.png,cc/TC03Bd.png,tn/TC03Bd.png,T
3231040,　　　 :差分E :ちんぽ２本増えて４本に : びっくり,ev/TC03Be.png,cc/TC03Be.png,tn/TC03Be.png,T
3231050,　　　 :差分F :困惑＋恥ずかしい,ev/TC03Bf.png,cc/TC03Bf.png,tn/TC03Bf.png,T
3231060,　　　 :差分G :興奮してぼーっとしてきた,ev/TC03Bg.png,cc/TC03Bg.png,tn/TC03Bg.png,T
3231070,　　　 :差分H :射精。全身ぶっかけ : 興奮,ev/TC03Bh.png,cc/TC03Bh.png,tn/TC03Bh.png,T
3232000,TC03C :甜花/駄菓子屋休憩部屋/昼 :差分A :主人公が上で６９ : 驚く,ev/TC03Ca.png,cc/TC03Ca.png,tn/TC03Ca.png,T
3232010,　　　 :差分B :むくれる＆焦る、ちょっと怒る,ev/TC03Cb.png,cc/TC03Cb.png,tn/TC03Cb.png,T
3232020,　　　 :差分C :パンツ脱がす。愛液トロトロ : 感じる,ev/TC03Cc.png,cc/TC03Cc.png,tn/TC03Cc.png,T
3232030,　　　 :差分D :さらに感じる。トロ顔,ev/TC03Cd.png,cc/TC03Cd.png,tn/TC03Cd.png,T
3232040,　　　 :差分E :ちんぽ出す。手コキ開始,ev/TC03Ce.png,cc/TC03Ce.png,tn/TC03Ce.png,T
3232050,　　　 :差分F :手コキしながら舌でチロチロ舐める,ev/TC03Cf.png,cc/TC03Cf.png,tn/TC03Cf.png,T
3232060,　　　 :差分G :イラマチオ開始 : 苦しそう,ev/TC03Cg.png,cc/TC03Cg.png,tn/TC03Cg.png,T
3232070,　　　 :差分H :口内射精,ev/TC03Ch.png,cc/TC03Ch.png,tn/TC03Ch.png,T
3232080,　　　 :差分I0 :口内射精続き。ちんこ抜く : ハァハァ,ev/TC03Ci0.png,cc/TC03Ci0.png,tn/TC03Ci0.png,T
3232081,　　　 :差分I1 :顔射 : ハァハァ,ev/TC03Ci1.png,cc/TC03Ci1.png,tn/TC03Ci1.png,T
3240000,TC04A :甜花/駄菓子屋休憩部屋/昼 :差分A :映像配信。完全に着衣した状態 : 困る。もじもじ,ev/TC04Aa.png,cc/TC04Aa.png,tn/TC04Aa.png,T
3240010,　　　 :差分B :スカート脱ぐ : パンツ見える,ev/TC04Ab.png,cc/TC04Ab.png,tn/TC04Ab.png,T
3240020,　　　 :差分C :上着脱ぐ : 下着姿,ev/TC04Ac.png,cc/TC04Ac.png,tn/TC04Ac.png,T
3240030,　　　 :差分D :パンツ脱ぐ : 股間は手で隠してる,ev/TC04Ad.png,cc/TC04Ad.png,tn/TC04Ad.png,T
3240040,　　　 :差分E :ブラを脱ぐ : 全裸,ev/TC04Ae.png,cc/TC04Ae.png,tn/TC04Ae.png,T
3240050,　　　 :差分F :焦る（軽く驚く）,ev/TC04Af.png,cc/TC04Af.png,tn/TC04Af.png,T
3240060,　　　 :差分G :手をどけて全身見えるように : 恥ずかしがる,ev/TC04Ag.png,cc/TC04Ag.png,tn/TC04Ag.png,T
3241000,TC04B :甜花/駄菓子屋休憩部屋/昼 :差分A :公開セックス。主人公の上に座る : 恥ずかしい,ev/TC04Ba.png,cc/TC04Ba.png,tn/TC04Ba.png,T
3241010,　　　 :差分B :ちんこを股間に当てる : ちょっと怖い,ev/TC04Bb.png,cc/TC04Bb.png,tn/TC04Bb.png,T
3241020,　　　 :差分C :挿入。出血 : ちょっと痛い,ev/TC04Bc.png,cc/TC04Bc.png,tn/TC04Bc.png,T
3241030,　　　 :差分D :ちょっと感じてきた,ev/TC04Bd.png,cc/TC04Bd.png,tn/TC04Bd.png,T
3241040,　　　 :差分E :スマホでリスナーに返事,ev/TC04Be.png,cc/TC04Be.png,tn/TC04Be.png,T
3241050,　　　 :差分F :愛液差分 : すごく感じてる,ev/TC04Bf.png,cc/TC04Bf.png,tn/TC04Bf.png,T
3241060,　　　 :差分G :中出し,ev/TC04Bg.png,cc/TC04Bg.png,tn/TC04Bg.png,T
3241070,　　　 :差分H0 :中出し続き。チンポ抜ける : 精液垂れる,ev/TC04Bh0.png,cc/TC04Bh0.png,tn/TC04Bh0.png,T
3241071,　　　 :差分H1 :外出し : ぶっかけ,ev/TC04Bh1.png,cc/TC04Bh1.png,tn/TC04Bh1.png,T
3250000,TC05A :甜花/駄菓子屋休憩部屋/昼 :差分A :みんな寝てる横。側位で挿入 : 声を我慢,ev/TC05Aa.png,cc/TC05Aa.png,tn/TC05Aa.png,T
3250010,　　　 :差分B :感じてくる,ev/TC05Ab.png,cc/TC05Ab.png,tn/TC05Ab.png,T
3250020,　　　 :差分C :キス,ev/TC05Ac.png,cc/TC05Ac.png,tn/TC05Ac.png,T
3250030,　　　 :差分D :コマコが見ていることに気付く : 焦り,ev/TC05Ad.png,cc/TC05Ad.png,tn/TC05Ad.png,T
3250040,　　　 :差分E :嫌がる＋涙目＋感じる,ev/TC05Ae.png,cc/TC05Ae.png,tn/TC05Ae.png,T
3250050,　　　 :差分F :中出し,ev/TC05Af.png,cc/TC05Af.png,tn/TC05Af.png,T
3250060,　　　 :差分G :中出し続き。ちんぽ抜ける,ev/TC05Ag.png,cc/TC05Ag.png,tn/TC05Ag.png,T
3260000,TC06A :甜花/駄菓子屋休憩部屋/昼 :差分A :コマコと3P : 恥ずかしい,ev/TC06Aa.png,cc/TC06Aa.png,tn/TC06Aa.png,T
3260010,　　　 :差分B :困る。興奮。,ev/TC06Ab.png,cc/TC06Ab.png,tn/TC06Ab.png,T
3260020,　　　 :差分C :コマコが指挿入。精液垂れる。 : 感じる,ev/TC06Ac.png,cc/TC06Ac.png,tn/TC06Ac.png,T
3260030,　　　 :差分D :コマコが駄菓子挿入：ヒモ飴,ev/TC06Ad.png,cc/TC06Ad.png,tn/TC06Ad.png,T
3260040,　　　 :差分E :ヒモ飴抜く : 感じてしまう甜花　※※I差分と共用,ev/TC06Ae.png,cc/TC06Ae.png,tn/TC06Ae.png,T
3260050,　　　 :差分F :コマコが駄菓子挿入：マイクラムネ : ※挿入前。不安,ev/TC06Af.png,cc/TC06Af.png,tn/TC06Af.png,T
3260060,　　　 :差分G :マイクラムネ挿入,ev/TC06Ag.png,cc/TC06Ag.png,tn/TC06Ag.png,T
3260070,　　　 :差分H :感じる,ev/TC06Ah.png,cc/TC06Ah.png,tn/TC06Ah.png,T
3260090,　　　 :差分J :コマコがペニバンを装着して挿入,ev/TC06Aj.png,cc/TC06Aj.png,tn/TC06Aj.png,T
3260100,　　　 :差分K :主人公のちんこ咥えさせる,ev/TC06Ak.png,cc/TC06Ak.png,tn/TC06Ak.png,T
3260110,　　　 :差分L :射精 : ぶっかけ,ev/TC06Al.png,cc/TC06Al.png,tn/TC06Al.png,T
3270000,TC07A :甜花/近所の道路脇/昼（午前中） :差分A :立ちション : 困った＋恥ずかしい,ev/TC07Aa.png,cc/TC07Aa.png,tn/TC07Aa.png,T
3270010,　　　 :差分B :拗ねる＋怒る,ev/TC07Ab.png,cc/TC07Ab.png,tn/TC07Ab.png,T
3270020,　　　 :差分C :おしっこ出始める,ev/TC07Ac.png,cc/TC07Ac.png,tn/TC07Ac.png,T
3270030,　　　 :差分D :困った,ev/TC07Ad.png,cc/TC07Ad.png,tn/TC07Ad.png,T
3270040,　　　 :差分E :勢いよくおしっこ出る : すごく恥ずかしい,ev/TC07Ae.png,cc/TC07Ae.png,tn/TC07Ae.png,T
3270050,　　　 :差分F :おしっこ終了 : 恥ずかしい＋困る,ev/TC07Af.png,cc/TC07Af.png,tn/TC07Af.png,T
3271000,TC07B :甜花/近所の道路脇（の雑木林的なところの中）/昼（午前中） :差分A :立ちバック。挿入前 : 拗ねてる,ev/TC07Ba.png,cc/TC07Ba.png,tn/TC07Ba.png,T
3271010,　　　 :差分B :挿入 : 感じる　※※D差分と共用,ev/TC07Bb.png,cc/TC07Bb.png,tn/TC07Bb.png,T
3271020,　　　 :差分C :抵抗,ev/TC07Bc.png,cc/TC07Bc.png,tn/TC07Bc.png,T
3271040,　　　 :差分E :感じてるけど我慢,ev/TC07Be.png,cc/TC07Be.png,tn/TC07Be.png,T
3271050,　　　 :差分F :中出し : イッちゃう,ev/TC07Bf.png,cc/TC07Bf.png,tn/TC07Bf.png,T
3271060,　　　 :差分G :中出し続き : 射精したんだかおしっこすれば？……と、まだツンツンな甜花,ev/TC07Bg.png,cc/TC07Bg.png,tn/TC07Bg.png,T
3271070,　　　 :差分H :膣内放尿 : 焦る,ev/TC07Bh.png,cc/TC07Bh.png,tn/TC07Bh.png,T
3271080,　　　 :差分I :放尿続き : 泣いちゃう,ev/TC07Bi.png,cc/TC07Bi.png,tn/TC07Bi.png,T
3280000,TC08A :甜花/駄菓子屋店内/昼 :差分A :ちーちゃんとコマコのセックスを覗きながらセックス : ちょっと怒る,ev/TC08Aa.png,cc/TC08Aa.png,tn/TC08Aa.png,T
3280010,　　　 :差分B :胸をまさぐる : ちょっと感じる,ev/TC08Ab.png,cc/TC08Ab.png,tn/TC08Ab.png,T
3280020,　　　 :差分C :愛液差分 : 感じてくる,ev/TC08Ac.png,cc/TC08Ac.png,tn/TC08Ac.png,T
3280030,　　　 :差分D :かなり感じる,ev/TC08Ad.png,cc/TC08Ad.png,tn/TC08Ad.png,T
3280040,　　　 :差分E :中出し,ev/TC08Ae.png,cc/TC08Ae.png,tn/TC08Ae.png,T
3280050,　　　 :差分F0 :中出し続き。ちんぽ抜ける,ev/TC08Af0.png,cc/TC08Af0.png,tn/TC08Af0.png,T
3280051,　　　 :差分F1 :外出し,ev/TC08Af1.png,cc/TC08Af1.png,tn/TC08Af1.png,T
3290000,TC09A :甜花/駄菓子屋外観（店の前）/昼 :差分A :主人公に抱きつく : 総選挙1位になってうれしい。,ev/TC09Aa.png,cc/TC09Aa.png,tn/TC09Aa.png,T
3290010,　　　 :差分B :世界一のアイドルになるから別れると話す : 真剣,ev/TC09Ab.png,cc/TC09Ab.png,tn/TC09Ab.png,T
3400000,TE00A :甜花/駄菓子屋休憩部屋/昼 :差分A :座った甜花の眼前で主人公がオナニー : 驚きつつも見つめる,ev/TE00Aa.png,cc/TE00Aa.png,tn/TE00Aa.png,T
3400010,　　　 :差分B :我に返って怒る,ev/TE00Ab.png,cc/TE00Ab.png,tn/TE00Ab.png,T
3400020,　　　 :差分C :会話差分：目を逸らす（恥ずかしい）,ev/TE00Ac.png,cc/TE00Ac.png,tn/TE00Ac.png,T
3400030,　　　 :差分D :主人公（チンポ）を見つめる。ぼーっとした顔,ev/TE00Ad.png,cc/TE00Ad.png,tn/TE00Ad.png,T
3400040,　　　 :差分E :射精 : 驚く,ev/TE00Ae.png,cc/TE00Ae.png,tn/TE00Ae.png,T
3400050,　　　 :差分F :ぶっかけ。写真撮る主人公 : ぼーっとした顔,ev/TE00Af.png,cc/TE00Af.png,tn/TE00Af.png,T
3400060,　　　 :差分G :手で顔を隠す : 慌てる,ev/TE00Ag.png,cc/TE00Ag.png,tn/TE00Ag.png,T
3400070,　　　 :差分H :困る（膨れる）,ev/TE00Ah.png,cc/TE00Ah.png,tn/TE00Ah.png,T
3400080,　　　 :差分I :涙目（泣きそう）,ev/TE00Ai.png,cc/TE00Ai.png,tn/TE00Ai.png,T
4130000,CB03A :その他/駄菓子屋休憩部屋/昼 :差分A :3人川の字で寝ている。パンツ見えてない,ev/CB03Aa.png,cc/CB03Aa.png,tn/CB03Aa.png,C
4130010,　　　 :差分B :全員のスカートめくる : パンツ見える,ev/CB03Ab.png,cc/CB03Ab.png,tn/CB03Ab.png,C
4130020,　　　 :差分C :全員のスカートと上着両方めくる : パンツとおっぱい見える,ev/CB03Ac.png,cc/CB03Ac.png,tn/CB03Ac.png,C
4130030,　　　 :差分D :全員のスカートと上着両方めくってパンツもずらす : まんことおっぱい見える,ev/CB03Ad.png,cc/CB03Ad.png,tn/CB03Ad.png,C
4130040,　　　 :差分E :射精,ev/CB03Ae.png,cc/CB03Ae.png,tn/CB03Ae.png,C
4190000,CB09A :その他/駄菓子屋休憩部屋/昼 :差分A :扇風機で下半身を冷やすちーちゃんとコマコ。,ev/CB09Aa.png,cc/CB09Aa.png,tn/CB09Aa.png,C
4190010,　　　 :差分B :甜花も参加。恥ずかしそう,ev/CB09Ab.png,cc/CB09Ab.png,tn/CB09Ab.png,C
4220000,CB12A :その他/河原/昼 :差分A :河原で水遊び。楽しそうな3人の姿 : 河原に着いて楽しそうにしている3人（主人公が眺めている）。,ev/CB12Aa.png,cc/CB12Aa.png,tn/CB12Aa.png,C
9103000,XB00S :カット/駄菓子屋店内/昼兼夜 :差分A :隠しカメラの画像 : ちーちゃんの胸チラ,ev/XB00Sa.png,cc/XB00Sa.png,tn/XB00Sa.png,C
9104000,XB00K :カット/駄菓子屋店内/昼 :差分A :隠しカメラの画像 : コマコのパンチラ,ev/XB00Ka.png,cc/XB00Ka.png,tn/XB00Ka.png,C
9105000,XB00T :カット/駄菓子屋店内/昼 :差分A :隠しカメラの画像 : 甜花のパンチラ,ev/XB00Ta.png,cc/XB00Ta.png,tn/XB00Ta.png,C
9133000,XB03S :カット/駄菓子屋脱衣所/昼 :差分A :床に置いてあるパンツ : ちーちゃん　※※コマコ用に変更！！！,ev/XB03Sa.png,cc/XB03Sa.png,tn/XB03Sa.png,C
9133010,　　　 :差分B :精液差分,ev/XB03Sb.png,cc/XB03Sb.png,tn/XB03Sb.png,C
9134000,XB03K :カット/駄菓子屋脱衣所/昼 :差分A :床に置いてあるパンツ : コマコ　※※千恵用に変更！！！,ev/XB03Ka.png,cc/XB03Ka.png,tn/XB03Ka.png,C
9134010,　　　 :差分B :精液差分,ev/XB03Kb.png,cc/XB03Kb.png,tn/XB03Kb.png,C
9135000,XB03T :カット/駄菓子屋脱衣所/昼 :差分A :床に置いてあるパンツ : 甜花,ev/XB03Ta.png,cc/XB03Ta.png,tn/XB03Ta.png,C
9135010,　　　 :差分B :精液差分,ev/XB03Tb.png,cc/XB03Tb.png,tn/XB03Tb.png,C
9204000,XC00K :カット/駄菓子屋外観/昼 :差分A :スカートを持ち上げてペニバン見せてくるコマコ,ev/XC00Ka.png,cc/XC00Ka.png,tn/XC00Ka.png,C
9000000,XA00A :カット/駄菓子屋休憩部屋/昼兼夜 :差分A :主人公のスマホ画面 : LINE画面１,ev/XA00Aa.png,cc/XA00Aa.png,tn/XA00Aa.png,C
9000010,　　　 :差分B :スタンプ使ってるところ,ev/XA00Ab.png,cc/XA00Ab.png,tn/XA00Ab.png,C
9000020,　　　 :差分C :最初の発言オンリー,ev/XA00Ac.png,cc/XA00Ac.png,tn/XA00Ac.png,C

