%label%,%title%,%info%
000_CA00,My Castle,Correction: My Castle Å® My Castle
001_CA01,Cute Regular Customer,
002_CA02,Hana the Loner,
003_CA03,First LIME,
004_CA04,Three People Are Friends,
005_CA05,Hana and LIME Part 1,
006_CB00,Shoplifting Suspicion,
007_CB01,Solid Evidence,
008_CB02,Chii-chan Is the Culprit,
009_CB03,First Part-Time Job,
010_CB04,First Salary,
011_CB05,Chii-chan and the Bath,
012_CB06,Unexpected Early Guest,
013_CB07,Komako's Love,
014_CB08,Hana and LIME Part 2,
015_CB09,Debut Plan,
016_CB10,Idol Debut,
017_CB11,Voting Ends,
018_CB12,River Play,
019_CB12S,Test of Courage,
020_CB12K,Sunscreen,
021_CB12T,First Outdoor Pee,
022_CB13,Last Vote,
023_CB14,Peeing in the Bath,
024_CB15,Anguish,
025_CB16,Aim! Sexy Idol,
026_CB17,New Part-Time Job,
027_CB18,Hope for Tomorrow,
028_CB19,Sex Practice,
029_CB20,Adult Play,
030_CB21,To Become Sexy,
031_CB22,Bath Time,
032_CB23,Delicious Dick,
033_CB24A,Half-Eaten Candy,
034_CB24B,Got Stuck,
035_CB25,Want to Try Dancing?,
036_CB26,Empty Sunday,
037_CB27,Napping Together,
038_CB28,Masturbation Observation,
039_CB29,Gravure Shoot,
040_CC00,Can't Hold Back,
100_SC00,Chii-chan's Husband,
101_SC01,Small Cunt,
102_SC02a,Chii-chan's Conspiracy,
103_SC02b,Interrogation,
104_SC03a,Playing House,
105_SC03b,Paternity,
106_SC04,Father and Daughter,
107_SC05,As a Father,
108_SC06,First Overnight Stay,
109_SC07,Kind Chii-chan,
110_SE00,Dark Future,
200_KC00,Last Study Session,
201_KC01,Jealousy,
202_KC02,Reward,
203_KC03a,Meat Vibrator,
204_KC03b,Rough Plan Part 2,
205_KC04,Complex Feelings,
206_KC05,Studying Again,
207_KC06,Cuckold,
208_KC07,Sudden Reward,
209_KC08,Love?,
210_KE00,Mistress,
211_KE01,Proof of Love,
300_TC00,Uncle's Boyfriend,
301_TC01a,Complex Feelings,
302_TC01b,Can't Give Up on the Dream,
303_TC02a,First Song,
304_TC02b,Practice Again,
305_TC03a,First Live!,
306_TC03b,After the Live,
307_TC04a,Second Account,
308_TC04b,First Live (2nd Time),
309_TC05,Hana Opens Up,
310_TC06,For a Friend,
311_TC07,Peeing Together,
312_TC08,Peeping Tom,
313_TC09,Second General Election,
314_TE00,Idol Egg,
400_YC00,Shyness,
401_YC01,Drunkard,
402_YE00,First Child-Making,
403_YE01,Family Bath,
