%no%,%label%,%cg%,%type%,%comment%
1,009_CB03.mem,4130010,C,
2,011_CB05.mem,1100000,S,
3,013_CB07.mem,2100000,K,
4,015_CB09.mem,4190000,C,
5,018_CB12.mem,4220000,C,
6,019_CB12S.mem,1110000,S,
7,020_CB12K.mem,2110000,K,
8,021_CB12T.mem,3100000,T,
9,023_CB14.mem,1101000,S,
10,025_CB16.mem,3110000,T,
11,026_CB17.mem,1130000,S,
12,027_CB18.mem,4130000,C,
13,028_CB19.mem,2120000,K,
14,029_CB20.mem,1140000,S,
15,030_CB21.mem,3120000,T,
16,031_CB22.mem,9134000,C,
17,032_CB23.mem,1150000,S,
18,033_CB24A.mem,2140000,K,
19,034_CB24B.mem,2141000,K,
20,035_CB25.mem,3131000,T,
21,036_CB26.mem,4130040,C,
22,037_CB27.mem,1170000,S,
23,038_CB28.mem,2160000,K,
24,039_CB29.mem,3150000,T,
25,040_CC00.all,1150061,C,
26,040_CC00.chie,1100030,S,
27,040_CC00.komako,2160030,K,
28,040_CC00.tenka,3151060,T,
29,100_SC00.mem,1200000,S,
30,101_SC01.mem,1211000,S,
31,103_SC02b.mem,1220000,S,
32,105_SC03b.mem,1231000,S,
33,106_SC04.mem,1240000,S,
34,106_SC04.mem2,1242000,S,
35,107_SC05.mem,1250000,S,
36,108_SC06.mem,1260000,S,
37,109_SC07.mem,1270000,S,
38,110_SE00.mem,1400000,S,
39,200_KC00.mem,2200000,K,
40,201_KC01.mem,2210000,K,
41,202_KC02.mem,2220000,K,
42,203_KC03a.mem,2230000,K,
43,206_KC05.mem,2120000,K,
44,207_KC06.mem,2260000,K,
45,208_KC07.mem,2270000,K,
46,209_KC08.mem,2280000,K,
47,210_KE00.mem,2400000,K,
48,211_KE01.mem,2410000,K,
49,300_TC00.mem,3200000,T,
51,302_TC01b.mem,3210010,T,
52,304_TC02b.mem,3220000,T,
53,305_TC03a.mem,3230000,T,
54,305_TC03a.mem2,3231000,T,
55,306_TC03b.mem,3232000,T,
56,308_TC04b.mem,3241000,T,
57,309_TC05.mem,3250000,T,
58,310_TC06.mem,3260000,T,
59,311_TC07.mem,3270000,T,
60,312_TC08.mem,3280000,T,
61,314_TE00.mem,3400000,T,

