%no%,%filename%,%info%,%loop%,%volume%,%pos%,%title%
0,,ＢＧＭ停止,0,0,0,
1,bgm01.wav,オープニング,982020,0,0,さわやかSUNSHINE
2,bgm02.wav,ちーちゃんのテーマ,0,0,0,Cheerful Innocence
3,bgm03.wav,コマコのテーマ,0,0,0,いつだってモデラート
4,bgm04.wav,甜花のテーマ,0,0,0,それいけ☆My アイドル
5,bgm05.wav,日常(午前中),0,0,0,なつのやすみのDaytime
6,bgm06.wav,日常(午後),0,0,0,午後はいつものこのお店♪
7,bgm07.wav,日常2(午後),572108,0,0,たからものはどこにある？
8,bgm08.wav,日常(夕方),0,0,0,Summer sunset
9,bgm09.wav,エロシーン1,0,0,0,君のぬくもりを感じて
10,bgm10.wav,エロシーン2,0,0,0,二人だけのPrecious Time
11,bgm11.wav,エロシーン3,0,0,0,体験☆淫靡て～しょん
12,bgm12.wav,ちょっと悲しい,30767,0,0,また少し君に近づいた
13,bgm13.wav,コミカル,0,0,0,大人の曖昧？れすぽんすたいむ
14,bgm14.wav,ドタバタ,588000,0,0,ドタ★バタ♪エキサイト！
15,bgm15.wav,イタズラ,0,0,0,内緒の悪戯ミッション☆
90,song01.wav,甜花の歌ボーカル曲（フル）,false,0,0,夏の太陽
91,song02.wav,甜花の歌ボーカル曲（カラオケ・フル）,false,0,0,夏の太陽 (off vocal)
99,song99.wav,スタッフロールボーカル曲（ショート）,false,0,0,Re:夏の太陽 ～この胸の中で～

