%sys%,%char_name%,%char_id%,%stx%,,%cloth_id%,%fb%,,,,,,,,,,,,,,,,,,,,,,,,,,,,,,,,,,,,,,%fe%,,,,
%face_name%,,ＩＤ,,,,微笑,笑い(スマイル),微笑(エロ),伝聞,驚く・慌てる,おねだり,おねだり(エロ),真剣,悲しい(泣き),不満,怒り,怒り2,呆れる,恥ずかしい,不安,目を逸らす,目を逸らす2,ジト目,えっへん,微笑　B,笑い(スマイル)　B,微笑(エロ)　B,伝聞　B,驚く・慌てる　B,おねだり　B,おねだり(エロ)　B,真剣　B,悲しい(泣き)　B,不満　B,怒り　B,怒り2　B,呆れる　B,恥ずかしい　B,不安　B,目を逸らす　B,目を逸らす2　B,ジト目　B,えっへん　B,,,,,
%face_no%,#キャラ正式名,#キャラID,#ファイル名,服,服装ID,0,1,2,3,4,5,6,7,8,9,10,11,12,13,14,15,16,17,18,20,21,22,23,24,25,26,27,28,29,30,31,32,33,34,35,36,37,38,,,,,
%def_begin%,千恵,chie,st/chie.stx,普段着,private,@,@,@,@,@,@,@,@,@,@,@,@,,@,@,@,@,@,@,@,@,@,@,@,@,@,@,@,@,@,@,,@,@,@,@,@,@,,,,,
,,,,普段着B,privateB,@,@,@,@,@,@,@,@,@,@,@,@,,@,@,@,@,@,@,@,@,@,@,@,@,@,@,@,@,@,@,,@,@,@,@,@,@,,,,,
,,,,普段着C,privateC,@,@,@,@,@,@,@,@,@,@,@,@,,@,@,@,@,@,@,@,@,@,@,@,@,@,@,@,@,@,@,,@,@,@,@,@,@,,,,,
,,,,下着,under,@,@,@,@,@,@,@,@,@,@,@,@,,@,@,@,@,@,@,@,@,@,@,@,@,@,@,@,@,@,@,,@,@,@,@,@,@,,,,,
,,,,裸,nude,@,@,@,@,@,@,@,@,@,@,@,@,,@,@,@,@,@,@,@,@,@,@,@,@,@,@,@,@,@,@,,@,@,@,@,@,@,,,,,
,,,,水着,swim,@,@,@,@,@,@,@,@,@,@,@,@,,@,@,@,@,@,@,@,@,@,@,@,@,@,@,@,@,@,@,,@,@,@,@,@,@,,,,,
,,,,パジャマ,pajama,@,@,@,@,@,@,@,@,@,@,@,@,,@,@,@,@,@,@,@,@,@,@,@,@,@,@,@,@,@,@,,@,@,@,@,@,@,,,,,
,コマコ,komako,st/komako.stx,普段着,private,@,@,@,@,@,,@,@,@,@,@,@,@,@,@,@,@,@,,@,@,@,@,@,,@,@,@,@,@,@,@,@,@,@,@,@,,,,,,
,,,,普段着B,privateB,@,@,@,@,@,,@,@,@,@,@,@,@,@,@,@,@,@,,@,@,@,@,@,,@,@,@,@,@,@,@,@,@,@,@,@,,,,,,
,,,,普段着C,privateC,@,@,@,@,@,,@,@,@,@,@,@,@,@,@,@,@,@,,@,@,@,@,@,,@,@,@,@,@,@,@,@,@,@,@,@,,,,,,
,,,,下着,under,@,@,@,@,@,,@,@,@,@,@,@,@,@,@,@,@,@,,@,@,@,@,@,,@,@,@,@,@,@,@,@,@,@,@,@,,,,,,
,,,,裸,nude,@,@,@,@,@,,@,@,@,@,@,@,@,@,@,@,@,@,,@,@,@,@,@,,@,@,@,@,@,@,@,@,@,@,@,@,,,,,,
,,,,水着,swim,@,@,@,@,@,,@,@,@,@,@,@,@,@,@,@,@,@,,@,@,@,@,@,,@,@,@,@,@,@,@,@,@,@,@,@,,,,,,
,甜花,tenka,st/tenka.stx,普段着,private,@,@,@,@,@,,@,@,@,@,@,@,@,@,@,@,@,@,@,@,@,@,@,@,,@,@,@,@,@,@,@,@,@,@,@,@,@,,,,,
,,,,普段着B,privateB,@,@,@,@,@,,@,@,@,@,@,@,@,@,@,@,@,@,@,@,@,@,@,@,,@,@,@,@,@,@,@,@,@,@,@,@,@,,,,,
,,,,普段着C,privateC,@,@,@,@,@,,@,@,@,@,@,@,@,@,@,@,@,@,@,@,@,@,@,@,,@,@,@,@,@,@,@,@,@,@,@,@,@,,,,,
,,,,下着,under,@,@,@,@,@,,@,@,@,@,@,@,@,@,@,@,@,@,@,@,@,@,@,@,,@,@,@,@,@,@,@,@,@,@,@,@,@,,,,,
,,,,裸,nude,@,@,@,@,@,,@,@,@,@,@,@,@,@,@,@,@,@,@,@,@,@,@,@,,@,@,@,@,@,@,@,@,@,@,@,@,@,,,,,
,,,,水着,swim,@,@,@,@,@,,@,@,@,@,@,@,@,@,@,@,@,@,@,@,@,@,@,@,,@,@,@,@,@,@,@,@,@,@,@,@,@,,,,,
,,,,マイクロビキニ,bikini,@,@,@,@,@,,@,@,@,@,@,@,@,@,@,@,@,@,@,@,@,@,@,@,,@,@,@,@,@,@,@,@,@,@,@,@,@,,,,,
,優子,yuko,st/yuko.stx,普段着,private,@,@,@,@,@,,@,,,@,,,,@,,@,@,,,@,@,@,@,@,,@,,,@,,,,@,,@,@,,,,,,,
,,,,裸,nude,@,@,@,@,@,,@,,,@,,,,@,,@,@,,,@,@,@,@,@,,@,,,@,,,,@,,@,@,,,,,,,
,,,,パジャマ,pajama,@,@,@,@,@,,@,,,@,,,,@,,@,@,,,@,@,@,@,@,,@,,,@,,,,@,,@,@,,,,,,,
,,,,普段着（髪ほどき,private2,@,@,@,@,@,,@,,,@,,,,@,,@,@,,,@,@,@,@,@,,@,,,@,,,,@,,@,@,,,,,,,
,,,,裸（髪ほどき,nude2,@,@,@,@,@,,@,,,@,,,,@,,@,@,,,@,@,@,@,@,,@,,,@,,,,@,,@,@,,,,,,,
,,,,パジャマ（髪ほどき,pajama2,@,@,@,@,@,,@,,,@,,,,@,,@,@,,,@,@,@,@,@,,@,,,@,,,,@,,@,@,,,,,,,
,千恵（大）,chieL,st/chieL.stx,普段着,private,@,@,@,@,@,@,@,@,@,@,@,@,,@,@,@,@,@,@,@,@,@,@,@,@,@,@,@,@,@,@,,@,@,@,@,@,@,,,,,
,,,,普段着B,privateB,@,@,@,@,@,@,@,@,@,@,@,@,,@,@,@,@,@,@,@,@,@,@,@,@,@,@,@,@,@,@,,@,@,@,@,@,@,,,,,
,,,,普段着C,privateC,@,@,@,@,@,@,@,@,@,@,@,@,,@,@,@,@,@,@,@,@,@,@,@,@,@,@,@,@,@,@,,@,@,@,@,@,@,,,,,
,,,,下着,under,@,@,@,@,@,@,@,@,@,@,@,@,,@,@,@,@,@,@,@,@,@,@,@,@,@,@,@,@,@,@,,@,@,@,@,@,@,,,,,
,,,,裸,nude,@,@,@,@,@,@,@,@,@,@,@,@,,@,@,@,@,@,@,@,@,@,@,@,@,@,@,@,@,@,@,,@,@,@,@,@,@,,,,,
,,,,水着,swim,@,@,@,@,@,@,@,@,@,@,@,@,,@,@,@,@,@,@,@,@,@,@,@,@,@,@,@,@,@,@,,@,@,@,@,@,@,,,,,
,,,,パジャマ,pajama,@,@,@,@,@,@,@,@,@,@,@,@,,@,@,@,@,@,@,@,@,@,@,@,@,@,@,@,@,@,@,,@,@,@,@,@,@,,,,,
,コマコ（大）,komakoL,st/komakoL.stx,普段着,private,@,@,@,@,@,,@,@,@,@,@,@,@,@,@,@,@,@,,@,@,@,@,@,,@,@,@,@,@,@,@,@,@,@,@,@,,,,,,
,,,,普段着B,privateB,@,@,@,@,@,,@,@,@,@,@,@,@,@,@,@,@,@,,@,@,@,@,@,,@,@,@,@,@,@,@,@,@,@,@,@,,,,,,
,,,,普段着C,privateC,@,@,@,@,@,,@,@,@,@,@,@,@,@,@,@,@,@,,@,@,@,@,@,,@,@,@,@,@,@,@,@,@,@,@,@,,,,,,
,,,,下着,under,@,@,@,@,@,,@,@,@,@,@,@,@,@,@,@,@,@,,@,@,@,@,@,,@,@,@,@,@,@,@,@,@,@,@,@,,,,,,
,,,,裸,nude,@,@,@,@,@,,@,@,@,@,@,@,@,@,@,@,@,@,,@,@,@,@,@,,@,@,@,@,@,@,@,@,@,@,@,@,,,,,,
,,,,水着,swim,@,@,@,@,@,,@,@,@,@,@,@,@,@,@,@,@,@,,@,@,@,@,@,,@,@,@,@,@,@,@,@,@,@,@,@,,,,,,
,甜花（大）,tenkaL,st/tenkaL.stx,普段着,private,@,@,@,@,@,,@,@,@,@,@,@,@,@,@,@,@,@,@,@,@,@,@,@,,@,@,@,@,@,@,@,@,@,@,@,@,@,,,,,
,,,,普段着B,privateB,@,@,@,@,@,,@,@,@,@,@,@,@,@,@,@,@,@,@,@,@,@,@,@,,@,@,@,@,@,@,@,@,@,@,@,@,@,,,,,
,,,,普段着C,privateC,@,@,@,@,@,,@,@,@,@,@,@,@,@,@,@,@,@,@,@,@,@,@,@,,@,@,@,@,@,@,@,@,@,@,@,@,@,,,,,
,,,,下着,under,@,@,@,@,@,,@,@,@,@,@,@,@,@,@,@,@,@,@,@,@,@,@,@,,@,@,@,@,@,@,@,@,@,@,@,@,@,,,,,
,,,,裸,nude,@,@,@,@,@,,@,@,@,@,@,@,@,@,@,@,@,@,@,@,@,@,@,@,,@,@,@,@,@,@,@,@,@,@,@,@,@,,,,,
,,,,水着,swim,@,@,@,@,@,,@,@,@,@,@,@,@,@,@,@,@,@,@,@,@,@,@,@,,@,@,@,@,@,@,@,@,@,@,@,@,@,,,,,
,,,,マイクロビキニ,bikini,@,@,@,@,@,,@,@,@,@,@,@,@,@,@,@,@,@,@,@,@,@,@,@,,@,@,@,@,@,@,@,@,@,@,@,@,@,,,,,
,優子（大）,yukoL,st/yukoL.stx,普段着,private,@,@,@,@,@,,@,,,@,,,,@,,@,@,,,@,@,@,@,@,,@,,,@,,,,@,,@,@,,,,,,,
,,,,裸,nude,@,@,@,@,@,,@,,,@,,,,@,,@,@,,,@,@,@,@,@,,@,,,@,,,,@,,@,@,,,,,,,
,,,,パジャマ,pajama,@,@,@,@,@,,@,,,@,,,,@,,@,@,,,@,@,@,@,@,,@,,,@,,,,@,,@,@,,,,,,,
,,,,普段着（髪ほどき,private2,@,@,@,@,@,,@,,,@,,,,@,,@,@,,,@,@,@,@,@,,@,,,@,,,,@,,@,@,,,,,,,
,,,,裸（髪ほどき,nude2,@,@,@,@,@,,@,,,@,,,,@,,@,@,,,@,@,@,@,@,,@,,,@,,,,@,,@,@,,,,,,,
,,,,パジャマ（髪ほどき,pajama2,@,@,@,@,@,,@,,,@,,,,@,,@,@,,,@,@,@,@,@,,@,,,@,,,,@,,@,@,,,,,,,
%def_end%,,,,,,,,,,,,,,,,,,,,,,,,,,,,,,,,,,,,,,,,,,,,,,,,
#""@""は、表情NOをそのまま使うことを表す(普通はコレになる)　別の表情NOで代用するときに数字で指定,,,,,,,,,,,,,,,,,,,,,,,,,,,,,,,,,,,,,,,,,,,,,,,,

