%line%,%seq%,%effect%,%music%,%bg%,%cg%,%ov%,%truename%,%name%,%voice%,%st0_name%,%st0_pos%,%st0_face%,%st1_name%,%st1_pos%,%st1_face%,%st2_name%,%st2_pos%,%st2_face%,%st3_name%,%st3_pos%,%st3_face%,%pageflag%,%text%
10900 ,&Lend_night,,,,,,,,,,,,,,,,,,,,,,
11000 ,,<m_fade fadeout=""8000""><voice_stop>,$next,,$prev,$prev,,,,$prev,$prev,$prev,$prev,$prev,$prev,$prev,$prev,$prev,$prev,$prev,$prev,,
11100 ,,<hide><s_fade wa time=""2500"" type=""wipe"" param=""dir=down&width=3000"">,,$next,,,,,,,,,,,,,,,,,,,
11200 ,,<hide><wait time=""4000"">,,,,,,,,,,,,,,,,,,,,,
11300 ,$return,,,,,,,,,,,,,,,,,,,,,,
11400 ,&Lbegin_morning,,,,,,,,,,,,,,,,,,,,,,
11500 ,,<hide><s_fade time=""500"" type=""wipe"" param=""dir=both_v2&width=1800""><voice_stop>,$next,9001,,,,,,,,,,,,,,,,,,,
11600 ,,<hide><wait time=""300""><!arg1>,,,,,,,,,,,,,,,,,,,,,
11700 ,,<hide><s_fade time=""2400"" type=""whitein"">,,$next,$next,$next,,,,$next,$next,$next,$next,$next,$next,$next,$next,$next,$next,$next,$next,,
11800 ,$return,,,,,,,,,,,,,,,,,,,,,,
12100 ,&Lend_day_change,,,,,,,,,,,,,,,,,,,,,,
12200 ,,<m_fade fadeout=""7000""><voice_stop>,$next,,$prev,$prev,,,,,,,,,,,,,,,,,
12300 ,,<hide><s_fade wa time=""1000"">,,,$prev,$prev,,,,,,,,,,,,,,,,,
12400 ,,<hide><s_fade wa time=""2000"" type=""wipe"" param=""dir=down&width=1800"">,,$next,,,,,,,,,,,,,,,,,,,
12500 ,,<hide><wait time=""3000"">,,,,,,,,,,,,,,,,,,,,,
12600 ,$return,,,,,,,,,,,,,,,,,,,,,,
12700 ,&Lbegin_day_change,,,,,,,,,,,,,,,,,,,,,,
12800 ,,<hide><s_fade time=""2400"" type=""wipe"" param=""dir=up&width=800""><voice_stop>,$next,$next,$next,$next,,,,,,,,,,,,,,,,,
12900 ,$return,,,,,,,,,,,,,,,,,,,,,,
13200 ,&Lend_scene_change,,,,,,,,,,,,,,,,,,,,,,
13300 ,,<m_fade fadeout=""4000""><voice_stop>,$next,,$prev,$prev,,,,$prev,$prev,$prev,$prev,$prev,$prev,$prev,$prev,$prev,$prev,$prev,$prev,,
13400 ,,<hide><s_fade wa time=""1600"" type=""block"" param=""size=80&dir=right&move=200&float=40&time_ratio=0.6&rotate=true"">,,$next,,,,,,,,,,,,,,,,,,,
13500 ,$return,,,,,,,,,,,,,,,,,,,,,,
13600 ,&Lbegin_scene_change,,,,,,,,,,,,,,,,,,,,,,
13700 ,,<hide><s_fade wa time=""1600"" type=""block"" param=""size=80&dir=right&move=200&float=40&time_ratio=0.3&rotate=true"">,$next,$next,$next,$next,,,,$next,$next,$next,$next,$next,$next,$next,$next,$next,$next,$next,$next,,
13800 ,$return,,,,,,,,,,,,,,,,,,,,,,
14100 ,&Lend_move,,,,,,,,,,,,,,,,,,,,,,
14200 ,,<m_fade fadeout=""4000""><voice_stop>,$next,,$prev,$prev,,,,$prev,$prev,$prev,$prev,$prev,$prev,$prev,$prev,$prev,$prev,$prev,$prev,,
14300 ,,<hide><s_fade wa time=""1800"" type=""wipe"" param=""dir=right&width=400&sudare=36"">,,$next,,,,,,,,,,,,,,,,,,,
14400 ,,<hide><wait time=""2000"">,,,,,,,,,,,,,,,,,,,,,
14500 ,$return,,,,,,,,,,,,,,,,,,,,,,
14600 ,&Lbegin_move,,,,,,,,,,,,,,,,,,,,,,
14700 ,,<hide><s_fade wa time=""1400"" type=""wipe"" param=""dir=right&width=400&sudare=36""><voice_stop>,$next,$next,$next,$next,,,,$next,$next,$next,$next,$next,$next,$next,$next,$next,$next,$next,$next,,
14800 ,$return,,,,,,,,,,,,,,,,,,,,,,
15600 ,&move_veryshort,,,,,,,,,,,,,,,,,,,,,,
15700 ,,<hide><s_fade wa type=""wipe"" time=""200"" param=""dir=both_h&width=400&alt=160"">,$next,9000,,,,,,,,,,,,,,,,,,,
15800 ,,<hide><s_fade wa type=""wipe"" time=""300"" param=""dir=both_h2&width=400&alt=160""><!arg1>,,$next,$next,$next,,,,$next,$next,$next,$next,$next,$next,$next,$next,$next,$next,$next,$next,,
15900 ,$return,,,,,,,,,,,,,,,,,,,,,,
16200 ,&move_short,,,,,,,,,,,,,,,,,,,,,,
16300 ,,,$next,$prev,$prev,$prev,,,,$prev,$prev,$prev,$prev,$prev,$prev,$prev,$prev,$prev,$prev,$prev,$prev,,
16400 ,,<hide><s_fade wa time=""700"" type=""wipe"" param=""dir=right&width=1000"">,,$next,$next,$next,,,,$next,$next,$next,$next,$next,$next,$next,$next,$next,$next,$next,$next,,
16500 ,$return,,,,,,,,,,,,,,,,,,,,,,
16600 ,&move_short_r,,,,,,,,,,,,,,,,,,,,,,
16700 ,,,$next,$prev,$prev,$prev,,,,$prev,$prev,$prev,$prev,$prev,$prev,$prev,$prev,$prev,$prev,$prev,$prev,,
16800 ,,<hide><s_fade wa time=""700"" type=""wipe"" param=""dir=left&width=1000"">,,$next,$next,$next,,,,$next,$next,$next,$next,$next,$next,$next,$next,$next,$next,$next,$next,,
16900 ,$return,,,,,,,,,,,,,,,,,,,,,,
17200 ,&move_middle,,,,,,,,,,,,,,,,,,,,,,
17300 ,$macro_ifchange bgm,,,,,,,,,,,,,,,,,,,,,,
Å´,,<m_fade fadeout=""3000""><voice_stop>,0,,,,,,,,,,,,,,,,,,,,
17500 ,,<hide><s_fade wa time=""700"" type=""wipe"" param=""dir=right&width=800&sudare=50"">,$next,9000,,,,,,,,,,,,,,,,,,,
17600 ,,<hide><s_fade wa time=""700"" type=""wipe"" param=""dir=right&width=800&sudare=50""><!arg1>,,$next,$next,$next,,,,$next,$next,$next,$next,$next,$next,$next,$next,$next,$next,$next,$next,,
17700 ,$return,,,,,,,,,,,,,,,,,,,,,,
17800 ,&move_middle_r,,,,,,,,,,,,,,,,,,,,,,
17900 ,$macro_ifchange bgm,,,,,,,,,,,,,,,,,,,,,,
Å´,,<m_fade fadeout=""3000""><voice_stop>,0,,,,,,,,,,,,,,,,,,,,
18100 ,,<hide><s_fade wa time=""700"" type=""wipe"" param=""dir=left&width=1200&sudare=50"">,$next,9000,,,,,,,,,,,,,,,,,,,
18200 ,,<hide><s_fade wa time=""700"" type=""wipe"" param=""dir=left&width=1200&sudare=50""><!arg1>,,$next,$next,$next,,,,$next,$next,$next,$next,$next,$next,$next,$next,$next,$next,$next,$next,,
18300 ,$return,,,,,,,,,,,,,,,,,,,,,,
18600 ,&move_long,,,,,,,,,,,,,,,,,,,,,,
18700 ,,<m_fade fadeout=""5000""><voice_stop>,0,,$prev,$prev,,,,$prev,$prev,$prev,$prev,$prev,$prev,$prev,$prev,$prev,$prev,$prev,$prev,,
18800 ,,<hide><s_fade wa time=""2000"" type=""wipe"" param=""dir=right&width=1400&sudare=50"">,,9000,,,,,,,,,,,,,,,,,,,
18900 ,,<hide><wait time=""1000""><!arg1>,$next,,,,,,,,,,,,,,,,,,,,
19000 ,,<hide><s_fade wa time=""2000"" type=""wipe"" param=""dir=right&width=1400&sudare=50"">,,$next,$next,$next,,,,$next,$next,$next,$next,$next,$next,$next,$next,$next,$next,$next,$next,,
19100 ,$return,,,,,,,,,,,,,,,,,,,,,,
19200 ,&move_long_r,,,,,,,,,,,,,,,,,,,,,,
19300 ,,<m_fade fadeout=""5000""><voice_stop>,0,,$prev,$prev,,,,$prev,$prev,$prev,$prev,$prev,$prev,$prev,$prev,$prev,$prev,$prev,$prev,,
19400 ,,<hide><s_fade wa time=""2000"" type=""wipe"" param=""dir=left&width=1400&sudare=50"">,,9000,,,,,,,,,,,,,,,,,,,
19500 ,,<hide><wait time=""1000""><!arg1>,$next,,,,,,,,,,,,,,,,,,,,
19600 ,,<hide><s_fade wa time=""2000"" type=""wipe"" param=""dir=left&width=1400&sudare=50"">,,$next,$next,$next,,,,$next,$next,$next,$next,$next,$next,$next,$next,$next,$next,$next,$next,,
19700 ,$return,,,,,,,,,,,,,,,,,,,,,,
20500 ,&timepass_quick,,,,,,,,,,,,,,,,,,,,,,
20600 ,,<hide><s_fade wa type=""wipe"" time=""400"" param=""dir=both_v&width=500&alt=240""><voice_stop>,,9000,,,,,,,,,,,,,,,,,,,
20700 ,,<hide><wait time=""200""><!arg1>,,,,,,,,,,,,,,,,,,,,,
20800 ,,<hide><s_fade wa type=""wipe"" time=""800"" param=""dir=both_v2&width=1000&alt=240"">,$next,$next,$next,$next,,,,$next,$next,$next,$next,$next,$next,$next,$next,$next,$next,$next,$next,,
21000 ,$return,,,,,,,,,,,,,,,,,,,,,,
21300 ,&timepass_short,,,,,,,,,,,,,,,,,,,,,,
21400 ,,<hide><s_fade wa type=""wipe"" time=""800"" param=""dir=down&width=300&alt=220""><voice_stop>,,9000,,,,,,,,,,,,,,,,,,,
21500 ,,<hide><wait time=""400""><!arg1>,,,,,,,,,,,,,,,,,,,,,
21600 ,,<hide><s_fade wa type=""wipe"" time=""1500"" param=""dir=up&width=600&alt=220"">,$next,$next,$next,$next,,,,$next,$next,$next,$next,$next,$next,$next,$next,$next,$next,$next,$next,,
21700 ,$return,,,,,,,,,,,,,,,,,,,,,,
22000 ,&timepass_middle,,,,,,,,,,,,,,,,,,,,,,
22100 ,,<m_fade fadeout=""4000""><voice_stop>,0,,$prev,$prev,,,,$prev,$prev,$prev,$prev,$prev,$prev,$prev,$prev,$prev,$prev,$prev,$prev,,
22200 ,,<hide><s_fade wa type=""wipe"" time=""1800"" param=""dir=down&width=1200"">,,9000,,,,,,,,,,,,,,,,,,,
22300 ,,<hide><wait time=""1400""><!arg1>,$next,,,,,,,,,,,,,,,,,,,,
22400 ,,<hide><s_fade wa type=""wipe"" time=""1200"" param=""dir=up&width=2000"">,,$next,$next,$next,,,,$next,$next,$next,$next,$next,$next,$next,$next,$next,$next,$next,$next,,
22500 ,$return,,,,,,,,,,,,,,,,,,,,,,
22800 ,&timepass_bgchange,,,,,,,,,,,,,,,,,,,,,,
22900 ,,<m_fade fadeout=""3000""><voice_stop>,0,,$prev,$prev,,,,$prev,$prev,$prev,$prev,$prev,$prev,$prev,$prev,$prev,$prev,$prev,$prev,,
23000 ,,<hide><s_fade wa type=""wipe"" time=""1400"" param=""dir=both_v&width=1000&sudare=40""><voice_stop>,,9000,,,,,,,,,,,,,,,,,,,
23100 ,,<hide><wait time=""1400""><!arg1>,$next,,,,,,,,,,,,,,,,,,,,
23200 ,,<hide><wait time=""500""><s_fade wa type=""wipe"" time=""1400"" param=""dir=both_v2&width=1000&sudare=40"">,,$next,$next,$next,,,,$next,$next,$next,$next,$next,$next,$next,$next,$next,$next,$next,$next,,
23300 ,$return,,,,,,,,,,,,,,,,,,,,,,
23600 ,&timepass_day_short,,,,,,,,,,,,,,,,,,,,,,
23700 ,,<m_fade fadeout=""7000""><voice_stop>,0,,$prev,$prev,,,,$prev,$prev,$prev,$prev,$prev,$prev,$prev,$prev,$prev,$prev,$prev,$prev,,
23800 ,,<hide><s_fade wa time=""4000"" type=""wipe"" param=""dir=down&width=2400"">,,9000,,,,,,,,,,,,,,,,,,,
23900 ,,<hide><wait time=""2500""><!arg1>,$next,,,,,,,,,,,,,,,,,,,,
24000 ,,<hide><s_fade wa time=""1600"" type=""wipe"" param=""dir=up&width=2400"">,,$next,$next,$next,,,,$next,$next,$next,$next,$next,$next,$next,$next,$next,$next,$next,$next,,
24100 ,$return,,,,,,,,,,,,,,,,,,,,,,
24400 ,&timepass_day_long,,,,,,,,,,,,,,,,,,,,,,
24500 ,,<m_fade fadeout=""9000""><voice_stop>,0,,$prev,$prev,,,,$prev,$prev,$prev,$prev,$prev,$prev,$prev,$prev,$prev,$prev,$prev,$prev,,
24600 ,,<hide><s_fade wa time=""4000"" type=""wipe"" param=""dir=down&width=400"">,,9000,,,,,,,,,,,,,,,,,,,
24700 ,,<hide><wait time=""3000""><!arg1>,$next,,,,,,,,,,,,,,,,,,,,
24800 ,,<hide><wait time=""1000"">,,,,,,,,,,,,,,,,,,,,,
24900 ,,<hide><s_fade wa time=""1600"" type=""wipe"" param=""dir=up&width=2000"">,,9001,,,,,,,,,,,,,,,,,,,
25000 ,,<hide><s_fade wa time=""1600"" type=""wipe"" param=""dir=up&width=2400""><!arg2>,,$next,$next,$next,,,,$next,$next,$next,$next,$next,$next,$next,$next,$next,$next,$next,$next,,
25100 ,$return,,,,,,,,,,,,,,,,,,,,,,
25900 ,&kira_wipe,,,,,,,,,,,,,,,,,,,,,,
26000 ,,<wait time=""200""><m_fade fadein=""0"" fadeout=""3000""><voice_stop>,$next,,$prev,$prev,,,,$prev,$prev,$prev,$prev,$prev,$prev,$prev,$prev,$prev,$prev,$prev,$prev,,
26100 ,,"<s_fade wa time=""1200"" type=""wipe2"" param=""dir=<!arg1>&file_p=pic/etc/p5.png&num=5&size=1.6,0.2&time=0.3&speed=0.4&round=500&random=50&mode=add"">",,$next,$next,$next,,,,$next,$next,$next,$next,$next,$next,$next,$next,$next,$next,$next,$next,,
26200 ,$return,,,,,,,,,,,,,,,,,,,,,,
27000 ,&scene_charchange,,,,,,,,,,,,,,,,,,,,,,
27100 ,,<hide><s_fade wa time=""700"" type=""wipe"" param=""dir=both_h&width=800""><voice_stop>,,9000,,,,,,,,,,,,,,,,,,,
27200 ,,<hide><s_fade wa time=""1200"" type=""wipe"" param=""dir=both_h2&width=800""><!arg1>,,$next,$next,$next,,,,$next,$next,$next,$next,$next,$next,$next,$next,$next,$next,$next,$next,,
27300 ,$return,,,,,,,,,,,,,,,,,,,,,,
27600 ,&scene_past_begin,,,,,,,,,,,,,,,,,,,,,,
27700 ,$macro_ifchange bgm,,,,,,,,,,,,,,,,,,,,,,
Å´,,<m_fade fadeout=""5000""><voice_stop>,0,,$prev,$prev,,,,$prev,$prev,$prev,$prev,$prev,$prev,$prev,$prev,$prev,$prev,$prev,$prev,,
27900 ,,<hide><s_fade wa time=""2000"" param=""file=ef/r01&range=255""><voice_stop>,,9001,,,,,,,,,,,,,,,,,,,
28000 ,,<hide><!arg1>,$next,,,,,,,,,,,,,,,,,,,,
28100 ,,<s_fade wa time=""2400"" param=""file=ef/r01&range=255"">,,$next,$next,$next,,,,$next,$next,$next,$next,$next,$next,$next,$next,$next,$next,$next,$next,,
28200 ,$return,,,,,,,,,,,,,,,,,,,,,,
28300 ,&scene_past_end,,,,,,,,,,,,,,,,,,,,,,
28400 ,,<hide><s_fade wa time=""2000"" param=""file=ef/r01&range=-255""><voice_stop>,$next,9001,,,,,,,,,,,,,,,,,,,
28500 ,,<hide><!arg1>,,,,,,,,,,,,,,,,,,,,,
28600 ,,<hide><s_fade wa time=""1600"" param=""file=ef/r01&range=-255"">,,$next,$next,$next,,,,$next,$next,$next,$next,$next,$next,$next,$next,$next,$next,$next,$next,,
28700 ,$return,,,,,,,,,,,,,,,,,,,,,,
29000 ,&scene_h_begin,,,,,,,,,,,,,,,,,,,,,,
29100 ,$macro_ifchange bgm,,,,,,,,,,,,,,,,,,,,,,
Å´,,<m_fade fadein=""0"" fadeout=""3000""><voice_stop>,0,,$prev,$prev,,,,$prev,$prev,$prev,$prev,$prev,$prev,$prev,$prev,$prev,$prev,$prev,$prev,,
29300 ,,<m_fade fadein=""0""><voice_stop>,$next,,$prev,$prev,,,,$prev,$prev,$prev,$prev,$prev,$prev,$prev,$prev,$prev,$prev,$prev,$prev,,
29400 ,,<hide><s_fade wa time=""900"" type=""shadeoff"" param=""type=n"">,,9001,,,,,,,,,,,,,,,,,,,
29500 ,,<hide><s_fade wa time=""1600"" type=""wipe"" param=""dir=both_h2&width=2000""><!arg1>,,$next,$next,$next,,,,$next,$next,$next,$next,$next,$next,$next,$next,$next,$next,$next,$next,,
29600 ,$return,,,,,,,,,,,,,,,,,,,,,,
29800 ,&scene_h_end,,,,,,,,,,,,,,,,,,,,,,
29900 ,$macro_ifchange bgm,,,,,,,,,,,,,,,,,,,,,,
Å´,,<m_fade fadeout=""4000""><voice_stop>,0,$prev,$prev,$prev,,,,$prev,$prev,$prev,$prev,$prev,$prev,$prev,$prev,$prev,$prev,$prev,$prev,,
30100 ,,<hide><s_fade wa time=""1600"" type=""shadeoff"" param=""type=b""><voice_stop>,,9001,,,,,,,,,,,,,,,,,,,
30200 ,,<hide><wait time=""800""><!arg1>,$next,,,,,,,,,,,,,,,,,,,,
30300 ,,<hide><s_fade wa time=""1000"" type=""shadeoff"" param=""type=r"">,,$next,$next,$next,,,,$next,$next,$next,$next,$next,$next,$next,$next,$next,$next,$next,$next,,
30400 ,$return,,,,,,,,,,,,,,,,,,,,,,
31200 ,&ef_shasei_l,,,,,,,,,,,,,,,,,,,,,,
31300 ,,<hide><s_fade wa time=""60"" type=""whiteout"" param=""type=complex"">,,9001,,,,,,,,,,,,,,,,,,,
31400 ,,<s_fade wa time=""1"">,,$next,$next,$next,,,,$next,$next,$next,$next,$next,$next,$next,$next,$next,$next,$next,$next,,
31500 ,,<hide><s_fade wa time=""20"" type=""whiteout"" param=""type=complex"">,,9001,,,,,,,,,,,,,,,,,,,
31600 ,,<s_fade wa time=""1100"">,,$next,$next,$next,,,,$next,$next,$next,$next,$next,$next,$next,$next,$next,$next,$next,$next,,
31700 ,$return,,,,,,,,,,,,,,,,,,,,,,
31900 ,&ef_shasei,,,,,,,,,,,,,,,,,,,,,,
32000 ,,<hide><s_fade wa time=""80"" type=""whiteout"" param=""type=complex"">,,9001,,,,,,,,,,,,,,,,,,,
32100 ,,<s_fade wa time=""600"">,,$next,$next,$next,,,,$next,$next,$next,$next,$next,$next,$next,$next,$next,$next,$next,$next,,
32200 ,$return,,,,,,,,,,,,,,,,,,,,,,
32500 ,,,,,,,,,,,,,,,,,,,,,,,
32600 ,,,,,,,,,,,,,,,,,,,,,,,
32700 ,,,,,,,,,,,,,,,,,,,,,,,
32800 ,,,,,,,,,,,,,,,,,,,,,,,
32900 ,,,,,,,,,,,,,,,,,,,,,,,
33000 ,,,,,,,,,,,,,,,,,,,,,,,
33100 ,,,,,,,,,,,,,,,,,,,,,,,
33200 ,,,,,,,,,,,,,,,,,,,,,,,
33300 ,,,,,,,,,,,,,,,,,,,,,,,
33400 ,,,,,,,,,,,,,,,,,,,,,,,
33500 ,,,,,,,,,,,,,,,,,,,,,,,
33600 ,,,,,,,,,,,,,,,,,,,,,,,
33700 ,,,,,,,,,,,,,,,,,,,,,,,
33800 ,,,,,,,,,,,,,,,,,,,,,,,
33900 ,,,,,,,,,,,,,,,,,,,,,,,
34000 ,,,,,,,,,,,,,,,,,,,,,,,
34100 ,,,,,,,,,,,,,,,,,,,,,,,
34200 ,,,,,,,,,,,,,,,,,,,,,,,
34300 ,,,,,,,,,,,,,,,,,,,,,,,
34400 ,,,,,,,,,,,,,,,,,,,,,,,
34500 ,,,,,,,,,,,,,,,,,,,,,,,
,
